x1,proba_b_better_a,expected_loss_A,expected_loss_B
0,0.6738331369379359,0.24446302775170609,0.07340971318908678
1,0.4760195009800891,0.14672730464609166,0.14774921118990095
2,0.6978200987272151,0.22548831528452912,0.06427512864677501
3,0.5045318597690525,0.1328504851357211,0.12887295220218317
4,0.6348310577837029,0.17685815600398563,0.08429094612229418
5,0.5129615233086814,0.12199902800160851,0.1187796666388118
6,0.6408938902683353,0.17743083726795603,0.06586742567289722
7,0.7665250998890394,0.2165257181215452,0.042366216701432334
8,0.791426335778161,0.23607279933018055,0.03336117647477843
9,0.7984959603994523,0.25445717502920523,0.020007610810258966
10,0.9049323363556891,0.30057855054629945,0.011237695000433786
11,0.9159820472345805,0.3083397225488917,0.009163240935221362
12,0.8925787601476357,0.312896159325605,0.007270916737043414
13,0.9220539636242286,0.3263733950855983,0.006558888255684848
14,0.9533800434146525,0.36051890137503456,0.004789995448536981
15,0.9736440869447742,0.3564143546136277,0.003313693234389545
16,0.9560242042683367,0.36055025313015754,0.0020555593857054743
17,0.9675623104946263,0.37380014499128106,0.0025617514956828447
18,0.9673944658337933,0.3723295660063248,0.0017186061090248112
19,0.9864199629511611,0.39510602252014293,0.0012802508963965268
20,0.9497574038268987,0.3827959534258824,0.0013137631411165524
21,1.0083323622627622,0.4245100555182768,0.000722662448953615
22,0.9856737548851653,0.4024599990891723,0.000550265016334532
23,0.9532946452545833,0.401205136949614,0.0008474267800168579
24,0.9648848511312568,0.38050554475969034,0.002024563818505701
25,0.9413206215204479,0.32047591382310875,0.0034045057999018717
26,0.9266806906819401,0.3246361994739539,0.0031476420751985236
27,0.9572367962945865,0.345177452054789,0.0032811520443057542
28,0.9846985634774909,0.3621463480703236,0.002239785336746062
29,0.9671222568028911,0.3588290147467451,0.001921118649179191
30,0.9487637335192283,0.34621881677809213,0.0016001290437252776
31,0.9782540941813336,0.3763139874461509,0.0015152359355933924
32,0.9872346845989057,0.37955388145409497,0.0012038120182132769
33,0.9271268176952789,0.35096483536823053,0.001157947191433929
34,0.9864983540588383,0.37561862757767656,0.0011755343813960627
35,0.9776142615625621,0.3847310993088146,0.001179261489727818
36,0.9654106390616529,0.3779533176593259,0.0007747603073431836
37,0.9461609558086241,0.37748703181228904,0.0008673036839932229
38,0.9625762749277909,0.35901413351385336,0.0013266214871103222
39,0.9909502963160559,0.37449514656039434,0.001225798015752362
40,0.9353933611096287,0.2863679778585785,0.002338635215073076
41,0.9634698134719026,0.3146318901177418,0.002292355732101267
42,0.9721583796581633,0.3081567726554722,0.0022337223374020434
43,0.9467095898499853,0.3019432829554933,0.00218076798707246
44,0.954497826811162,0.28927276263397644,0.002455044838455615
45,0.9073372135791031,0.2680030316318822,0.0039366106569535516
46,0.9088558613499937,0.2746619533939737,0.0037188009741140394
47,0.9519968208789203,0.2812714135045792,0.0028791481291360493
48,0.932799519893433,0.2722548260171831,0.0032878205115938167
49,0.9988522139641227,0.3480008926231026,0.0006501861843579053
50,0.9708963632444597,0.33336261979495396,0.0014199256662631048
51,0.9653192490483987,0.3278309656205366,0.0016550984395029603
52,0.9715169277946831,0.32973452270283576,0.0009521469129203168
53,0.9379048364199118,0.3045670270355181,0.0015609112509766955
54,0.9685299386482196,0.3269400253809739,0.0016092444243983861
55,0.9610322284367006,0.3359254942801277,0.0013523136879511238
56,0.9692619733849238,0.33105962948387835,0.001390355117081295
57,0.974934190233544,0.33446023730374375,0.0008288534188044287
58,0.9693008075800192,0.3409419023331494,0.0013241405002468634
59,0.9893142324521629,0.34288906450520135,0.0008846650550025204
60,0.958218405801886,0.32444066611349875,0.001265840391510919
61,1.008109394091463,0.35916807864131767,0.0008138198961896702
62,0.9942366842831052,0.3587799649178335,0.0005309564927391744
63,0.9723597785467107,0.3441930096511698,0.0007556724982598024
64,0.9896385795125839,0.34990435376593737,0.0007143764890293393
65,0.9994368084098895,0.36101520551261024,0.0006499505567739595
66,0.9954088978942804,0.3493768310004036,0.0010012149919690948
67,0.9920213660720453,0.34141107978085994,0.0009422528222358689
68,0.9955498070581784,0.35275322715296487,0.0006300638281829292
69,0.9733535869746045,0.3449031061189346,0.0007911666348472824
70,0.9561352090494123,0.34335207868866735,0.0006633095142321614
71,0.9792691338084434,0.3405175092743699,0.000770888983359746
72,0.9575639802655874,0.35562060237036075,0.0007223789225584481
73,0.9924616450587247,0.3621271644616983,0.00041996999748961024
74,0.9797572939543828,0.33744544158214845,0.000809903976269839
75,0.9820377884118554,0.3317216245332603,0.0009206307167420251
76,0.9788639126174421,0.3382882339314127,0.0007945994347695176
77,0.9635277526232923,0.3225103624164055,0.0015132593294965423
78,0.9814444185228427,0.3267692042137777,0.0011261672694736278
79,0.974658895404723,0.3327087793577273,0.001101921686582142
80,0.9958503106815065,0.33153771215150335,0.0012881424663250185
81,0.947444344604568,0.30883856199903803,0.0019474926478400215
82,0.9487399788070516,0.2897651154036641,0.0024202109859834324
83,0.9573710139342743,0.2992642552536336,0.0024212608736267635
84,0.9831159190002966,0.29359087444995985,0.002450427976052627
85,0.9372271855066528,0.2742904802191897,0.0039053857661319907
86,0.9426271270105246,0.2809163560551277,0.0032595830897124917
87,0.9327277875596723,0.2636266860676558,0.004264407913885065
88,0.9459084519433889,0.25910460743641794,0.004332467399675903
89,0.9503040400294553,0.2689896161380674,0.004306756967830304
90,0.9500091886468622,0.2632600005072042,0.004113240858875577
91,0.9058948584824722,0.24871000015795341,0.004659896810324682
92,0.9570023143538364,0.3013824209999053,0.001689034269669457
93,0.9502355762004202,0.2958867897308496,0.0025360542477827126
94,0.9566677046618504,0.2961857057556219,0.0023865819018157298
95,0.9624091514472066,0.2881814445215612,0.0026171477432910175
96,0.9268383284100835,0.2760639345340387,0.0033340661636967824
97,0.8985145039535541,0.2251495956496204,0.006205036823509465
98,0.9253667833763018,0.22205333958975748,0.0071519206517850495
99,0.9028013281308442,0.22099905667654196,0.005989175476677641
100,0.9166732063147154,0.22404829658038344,0.006123533399459528
101,0.9067844541008674,0.20897035586597762,0.007799077050310796
102,0.8878205407887134,0.20538684125286272,0.0074462087552553975
103,0.8986075178932261,0.21144157021679807,0.006086444661177004
104,0.8858684737305075,0.2055696179138797,0.007496761248507698
105,0.886870953813684,0.20378287345397036,0.00656480330086906
106,0.8875691347882351,0.20808419742493117,0.007227879264769903
107,0.8902179923799725,0.20274851700396135,0.006722131264254987
108,0.8759500805415494,0.19265937754874923,0.009031653936995345
109,0.8779750139881533,0.1945083161937174,0.009660436482133715
110,0.8026528790543335,0.15326699168741068,0.016168286429152634
111,0.7873239525916876,0.1451534799193828,0.015612681152844957
112,0.7194382544519576,0.11820058997681962,0.020777593832817017
113,0.6591918288592704,0.09040912649158142,0.027409408683815615
114,0.7327291775744117,0.11343282676625537,0.01758850186079686
115,0.7110522756320811,0.09811806589419493,0.022221150899829123
116,0.7242709556323821,0.09615249498629383,0.02190928074131011
117,0.6890187062404782,0.09495879242425087,0.02384952330545756
118,0.6256086297792078,0.07696235452485911,0.028576333630199353
119,0.544028774239526,0.05973198354266099,0.036463766819185534
120,0.575840869396911,0.061694829987756994,0.033489278948326894
121,0.5701068635371582,0.05942562645371328,0.03851969165981977
122,0.5119990596852324,0.047677272822689125,0.04611640304698055
123,0.44059111506307685,0.038341477387268626,0.052522311495364946
124,0.38508792403333403,0.03038758467182701,0.061243417010085455
125,0.3104615880638378,0.02252942874576513,0.07203884696162735
126,0.4349757441154923,0.035289095386050164,0.048679161536717704
127,0.38714179228129597,0.03205496168099763,0.05381144012285532
128,0.3840891045192239,0.027665291382024466,0.0611135715141162
129,0.34474059410489283,0.023658698048450937,0.06229439834355422
130,0.2642720198253544,0.018648912392032275,0.073155564777489
131,0.2459696114537328,0.015053149439293149,0.08000740838490521
132,0.34687951917691306,0.025179303425301145,0.06111013615643974
133,0.30627277881233045,0.021198780909249093,0.06822521713299812
134,0.2827614034538883,0.017677745285117532,0.07388070796362703
135,0.3604255356636894,0.02561188948890404,0.056731795068214505
136,0.36470464900531363,0.02552146168531788,0.05686762595313155
137,0.31103644118035245,0.021189206785770836,0.06871342629102761
138,0.38571010452169774,0.02690018421689197,0.05208989959200876
139,0.5131018598973758,0.03798527039510588,0.037134915557697004
140,0.4882148678003959,0.038389093548926216,0.038673845103562275
141,0.4932384266834686,0.038309960322709585,0.038173385779479325
142,0.4301136763840392,0.030999771406086563,0.045540206113777106
143,0.4239734630526641,0.029947094672458107,0.048009480798244665
144,0.3544626907499685,0.02415338683983613,0.053319908929289145
145,0.33347777633622033,0.022306411062373445,0.05570881379487974
146,0.32719415861877016,0.019179003595841862,0.060833988897918204
147,0.3931910111767135,0.025209799696408658,0.0501371558772607
148,0.3441165439928501,0.022526990612198008,0.0545423065058844
149,0.46177736675379094,0.030119858274179352,0.04125270351029682
150,0.5175337257249037,0.040404369937281887,0.03449897088087963
151,0.46293984787763365,0.032417890652657017,0.03688679959595607
152,0.4942830253475746,0.03624910554535833,0.035654567522706924
153,0.4590003760059793,0.029584700838920095,0.039963692785200025
154,0.426236830492235,0.02685965195343789,0.04548560843958947
155,0.4288662835583182,0.029640845674882687,0.04079251723484255
156,0.3888968257433396,0.02412530628807479,0.045689412649803515
157,0.33015700690737254,0.019506330354203277,0.05368975996974612
158,0.31929693038392637,0.018092504490270674,0.055491746936579
159,0.327889377519521,0.01889726491392136,0.055655607251009896
160,0.41453685097051346,0.025869642231393195,0.04225407327569183
161,0.38513426424971114,0.022656361967226996,0.049030615908114465
162,0.4227477447332053,0.027998565247567126,0.04211090953618897
163,0.41747746190323076,0.02487641128491054,0.043653358010924646
164,0.39354748298473796,0.023368536042666328,0.045529366496241154
165,0.38126043194516707,0.020062484766157775,0.049228666596327936
166,0.3346095968749373,0.01772084552137924,0.053965734806491084
167,0.2842944906702117,0.015330079774915052,0.059427617162117516
168,0.24514552574361478,0.012862322719899134,0.06420942879173559
169,0.26001956250124547,0.012543849719029958,0.06649727288290427
170,0.2173904272804263,0.011322408401505876,0.07312980321782829
171,0.25188700667587177,0.012976229795680333,0.0640183009198709
172,0.26930041926926196,0.013287066524274136,0.06505901677545173
173,0.24018593549496609,0.010488596009773322,0.06688911518608079
174,0.19609331823195156,0.00918118102389839,0.075820042885237
175,0.23709306576037514,0.011431747701248033,0.06495083332203924
176,0.22334473191118157,0.010110540984441734,0.06542204590993725
177,0.19736556391015686,0.009499030591875728,0.07401706492130028
178,0.2510203790977227,0.011962824322655578,0.06483761859496229
179,0.2039639525672839,0.008913623469835479,0.06937827038727187
180,0.24672276373208674,0.011069537771658308,0.06215365078433926
181,0.25115653733946414,0.0119842006633118,0.06285805774181444
182,0.22571686679894112,0.010321978307776973,0.06971433396968658
183,0.1854174101160924,0.00816943006415426,0.07328568685033031
184,0.24253503644778515,0.01062904524507124,0.0629832207190862
185,0.2863391142458463,0.01408866946178895,0.05635859763582818
186,0.3172067179959587,0.016081361520323263,0.05005161885085209
187,0.3188748037018902,0.015755835048436834,0.05248794730652795
188,0.28989474005381205,0.014446440771703803,0.05527723499740378
189,0.21479441651869366,0.010000732607693888,0.06341883034503466
190,0.2634159363971996,0.011642279751231645,0.05929981331849984
191,0.22051686916829544,0.00937297501153936,0.0645748348296382
192,0.1939187689713063,0.007439729886362718,0.07049665975911762
193,0.19349834183307796,0.007213244009183238,0.07453104283160898
194,0.1516191405506324,0.0058652795045518406,0.07855315256871712
195,0.1764631146640746,0.007010434478939702,0.07169410898740597
196,0.1856436039412709,0.007456764498453402,0.07324546375253749
197,0.16057743583323872,0.00555938572132944,0.07771590702317989
198,0.20267278811599845,0.007675352211043327,0.07162955471301422
199,0.1362202620522097,0.005876069326178265,0.0775222092781644
200,0.14882230082521916,0.005528265781790428,0.08226195622136544
201,0.18636790443294496,0.006749348019691076,0.07193971318042136
202,0.1572137236762798,0.006090812004189491,0.07458331002047275
203,0.1511274683689515,0.004407234156638739,0.08091154724730908
204,0.1322935466741622,0.004823500207636332,0.08123792145818015
205,0.11425839561489422,0.003725216778925051,0.08800195665889371
206,0.11175690396308963,0.003415755251374971,0.09050680715648445
207,0.11308997514012921,0.004220036840916731,0.08611454497062607
208,0.11080169414798104,0.004043391753263013,0.08684820912492953
209,0.14553906882545223,0.00514576222071615,0.07750298313040065
210,0.1620906365850318,0.005885093274463389,0.07522284703424817
211,0.14739729437530197,0.005312905743707074,0.07697445658758945
212,0.131077129005654,0.004558115516688673,0.07817433766200481
213,0.11092748869338334,0.004002172560839871,0.08422893366323751
214,0.1106564632638582,0.0033132992334813554,0.08642622429467464
215,0.08982005768528557,0.0028950288351778336,0.09101574272066333
216,0.09130754111056129,0.002645632678082389,0.09163560764114843
217,0.057841865577616156,0.0017577922774164646,0.10042221347683088
218,0.07189574938949075,0.002262854169299773,0.10032534959617063
219,0.05135943058310104,0.0017038860021970444,0.10872119902734718
220,0.06985236455856467,0.0018882927780177199,0.09814644359281115
221,0.09588742742673964,0.0027075998336259016,0.0904528610219806
222,0.0787595699440388,0.0023144464221973773,0.09254680467974441
223,0.10374258076654548,0.0031821003874232916,0.08812092277798635
224,0.09202927873312555,0.0027348077037648686,0.09002824427268206
225,0.0898256422789888,0.002364567275753232,0.0937862583330791
226,0.061712294669535456,0.0015389453447686406,0.09841578696107274
227,0.05037962500360024,0.0014995876122245442,0.1057570293702795
228,0.08552636757343576,0.0026115788501681458,0.09104837517407452
229,0.059316519902898865,0.001734743949889922,0.10200737790004584
230,0.06431683086242113,0.0018937553157589977,0.09969574873284791
231,0.04829745477859811,0.0013211275993941884,0.1060016200049308
232,0.04763719678865535,0.0013477015835253905,0.10740743085500164
233,0.04709103032185946,0.0011771251430561618,0.11145183395566025
234,0.04369916777434551,0.0009352958950520204,0.11206843251562075
235,0.03591909570730957,0.0007977605299011842,0.11384291574996634
236,0.04007755476174267,0.0009672525991095717,0.11214383002925297
237,0.033890098943855834,0.0008360429357458947,0.11422819589004733
238,0.03099266288093017,0.0008057831586687397,0.1135327494851088
239,0.02858585010179104,0.0007671721047678008,0.12096115930316646
240,0.039033750450930445,0.0010953616506367727,0.11291651682143651
241,0.037868513436703465,0.0009165586925086878,0.10842884388254964
242,0.037893468082128894,0.0009784870794162144,0.11320290672626732
243,0.03657919874639956,0.000862435412201325,0.1114815267077288
244,0.038822327376430175,0.0009491481834250723,0.10705121383565144
245,0.03409288700676779,0.0010563880831323802,0.10929089593201491
246,0.030349999890789847,0.0007878199633998549,0.1155839869530856
247,0.029478023867969525,0.0006796869734278366,0.11243242742444352
248,0.01957614689300613,0.0005575099696858393,0.11794251804863737
249,0.021197276622011058,0.0006004053303836764,0.11832565787175722
250,0.024466299893413472,0.0004647308242580811,0.12363756597190166
251,0.01694999938849471,0.0003155885089621919,0.13101574242402197
252,0.017470111922669868,0.000458816890777886,0.12171529713938015
253,0.022269487403733357,0.00048621302654904973,0.12283839093922472
254,0.029843573749656942,0.0006451579332711615,0.11729292913158523
255,0.02624922515054449,0.0007442253405586186,0.11575631031892528
256,0.022588113656186286,0.000506183339669565,0.11467517701773787
257,0.03277850592414849,0.0008646911076411661,0.10793830134086076
258,0.029893248565647138,0.0007577435356140047,0.11217036224159128
259,0.02665192833691124,0.0006007281267505344,0.11466414868746899
260,0.02204261689355801,0.000544372938213902,0.11710868963220142
261,0.02663059471806813,0.0005600652762713911,0.11997986688338665
262,0.014548374851912309,0.00033803308565836393,0.12265025202598906
263,0.016074716811486173,0.0004148197121143223,0.12490033116299595
264,0.015229303094977477,0.00034378232793486887,0.12832664829526044
265,0.015504515958340459,0.0003267748089937424,0.12662425223423887
266,0.012409828603344053,0.00029377251717175966,0.12984410408727803
267,0.014547248058320542,0.00038216998893649733,0.1283385660335909
268,0.020312746461644507,0.00039071056308599976,0.12384448886116943
269,0.012169303131000972,0.00024828568003872206,0.12963375787818768
270,0.009457998561846976,0.0002657483333979616,0.13406076638475162
271,0.012708400743976648,0.00024247911682541467,0.13119659435935088
272,0.007178419694237607,0.00012571370938677912,0.13609030686808823
273,0.008467851579837612,0.00017078607567598225,0.136774895459831
274,0.008103656378222513,0.00010504374336925975,0.14100747013623716
275,0.008112256117568854,0.0001682225057557649,0.13640019167346437
276,0.0067463871910414235,0.00016116484111485216,0.13834363143816078
277,0.008226097595549105,0.00014172931398052745,0.13887594986377605
278,0.0060273410220499845,0.00010994796442574064,0.13893284693426816
279,0.003980305977049125,5.349497648393042e-05,0.1452040672003838
280,0.00764815086086451,0.0001324281859681944,0.1394130417895729
281,0.010501196473633729,0.00015958162793562285,0.13169307196069158
282,0.005895061147282761,0.00012319157243112077,0.13497692603663142
283,0.006287565858814374,0.00012491654926703518,0.14022340206227804
284,0.009731841583579188,0.00022335103760798186,0.12992454605894035
285,0.011876590460415377,0.00022353598995747016,0.13160695790793908
286,0.009817609007400186,0.00016943986478129571,0.12901780136457316
287,0.008654043271293625,0.00022169002934122053,0.13250634053253357
288,0.008652693898432073,0.00017298667480950935,0.13553549259873274
289,0.006802345661607534,0.00017541691204356547,0.13490258134888972
290,0.007191694081044224,0.00013479500448933116,0.1287697292177818
291,0.00829990186692489,0.0001628471254284856,0.12936906194347722
292,0.0072406652908673964,0.0001724259798085443,0.1351671466812639
293,0.0053221998605462685,7.744316216531302e-05,0.14117904846190638
294,0.008159979577232789,0.00015896267268863636,0.13085156787273766
295,0.005664447855023104,6.715713434608648e-05,0.13467091066244594
296,0.005352528840876607,0.0001335867508225388,0.1362249657585457
297,0.007863157495325259,0.00014798916112654706,0.13713216902932743
298,0.003661316342311442,7.180503715245778e-05,0.14075883186340712
299,0.005806925610253325,9.904282006557333e-05,0.14324232533594655
300,0.005810732809515735,0.00011223598453963355,0.13819972551301626
301,0.005085814752128207,0.00010064821798082662,0.13873124509852616
302,0.005368017270675538,8.925440390901925e-05,0.13871914024877577
303,0.004743469378074423,8.150150645050978e-05,0.14239947694780095
304,0.004052115186059176,7.648114672518397e-05,0.13621574839464795
305,0.004761649606149338,7.467485279284731e-05,0.13735355155260842
306,0.006193466829625054,9.559132185818557e-05,0.14507942958083703
307,0.005535435332124271,9.019540407916031e-05,0.14909545192132193
308,0.0031893906829358306,7.105518826730905e-05,0.1462985942741352
309,0.004866609254448011,7.260469080661434e-05,0.1492926718622298
310,0.004433080414849874,7.408509549787443e-05,0.14137081827821413
311,0.0033332185306860717,4.0110059717296545e-05,0.1502411569475274
312,0.003215209213939637,5.451351815188762e-05,0.14304827133987533
313,0.002397094391582773,5.6725406790177325e-05,0.14665510832122458
314,0.004976345601028785,8.526920177626902e-05,0.14060949068566522
315,0.00486775534416809,6.187731175888945e-05,0.14000837183557754
316,0.006547161633557993,0.00010717726568599201,0.13816666839267644
317,0.009196183766566125,0.00014241196751212072,0.12771694215114401
318,0.008452991941633648,0.0001369324945062718,0.1288929336317735
319,0.011363182161831204,0.0001924156879362385,0.13012555663259198
320,0.007221048889784827,0.0001213699419388689,0.12637997751550933
321,0.009632659421070803,0.00018461604721719602,0.12715630439161027
322,0.008376362553121587,0.00017391887810434692,0.1270677403072908
323,0.005648175926044116,8.935432968401911e-05,0.1350970787777228
324,0.00760651278216889,0.0001405010736011151,0.12733787271485608
325,0.008364408377288189,0.00014667858427816493,0.126654592584045
326,0.00640594093597482,0.00014859769554449712,0.12915036059927126
327,0.008465556157466737,0.00012322511981560275,0.13784575758275197
328,0.008510788975386879,0.00015562315393617134,0.13000176813764175
329,0.004777869760721293,0.00011861876276463313,0.1331889871061871
330,0.008669570605745174,0.00016659484228926375,0.1254891578798946
331,0.01219922824867872,0.00022062083365224295,0.1306171515076423
332,0.00877202939595663,0.0001738496857016984,0.12810113119381442
333,0.008140215620244454,0.00015427227550517125,0.12309569091667687
334,0.008005014169112146,0.00014412939012681096,0.11875435768668513
335,0.010481482537034906,0.00014196090762576212,0.12903272337432373
336,0.009058363319334578,0.00015245595428367965,0.12418575242766967
337,0.006884598324026836,0.00010910328443839573,0.12950525882653913
338,0.01148722582896499,0.00016880945830016183,0.1255467987121117
339,0.009322998385941092,0.00018643559788632922,0.12696414340444193
340,0.011849207674971359,0.0001869848290862189,0.12756794809234834
341,0.0074753673884810565,0.00011766865011856502,0.12893511361080748
342,0.008006379024680505,0.00012198831124579532,0.12873165059860586
343,0.004930286022604606,0.0001206720210906986,0.12778426668364043
344,0.0045298457357243445,8.338646174853649e-05,0.12599219754194166
345,0.006422021010505484,0.00010682938139222988,0.12981912435908985
346,0.006253120973437687,8.502243772944103e-05,0.1286191262237779
347,0.006872168778853019,9.702769922839633e-05,0.12647545413825584
348,0.009877475927194967,0.00014622717495598592,0.12616749774869176
349,0.00802072464096192,0.00017551236757278217,0.12436723986163088
350,0.004399921964959579,0.00010560161070170299,0.1295574539947932
351,0.008316910578763052,0.00016523503413944492,0.1265507897023749
352,0.007703018300558344,0.00014646186795761915,0.12550444861269636
353,0.0074096524024034795,0.0001711968321842697,0.12344778476619685
354,0.011241127611464457,0.00018782678672867015,0.12102306234268165
355,0.008823296390850678,0.00012418685134563695,0.12062247841089944
356,0.00860573459590924,0.0001527157822489062,0.12194057265662607
357,0.008711308632337517,0.00015282720789566636,0.12462106945827515
358,0.007376111985088394,0.00013013194681935406,0.12661073634720088
359,0.009412098577564325,0.00017482220728339733,0.12681954195254372
360,0.005058142487938131,0.00010482072731096578,0.12646553398458277
361,0.007210475080430808,0.00012366035943440695,0.12673150090193436
362,0.006620307383238628,0.00011060082274497292,0.1266227599335812
363,0.00566911511877441,0.00010137929710136053,0.12811708760982637
364,0.007846523893862768,0.00014424378329185136,0.1257265567565489
365,0.005915356411341421,0.00010491727085329354,0.1324082426572182
366,0.006150596921834985,7.740939826512012e-05,0.13186343320073787
367,0.004877958632260463,8.096911792519992e-05,0.128683336039116
368,0.00967742046973941,0.000143337026514466,0.12981514357120824
369,0.006279145823268617,9.34682986621841e-05,0.13239178578364968
370,0.00442775490602562,5.93647932804387e-05,0.1325767012083502
371,0.005481091070459237,8.538429220208822e-05,0.12711150324035295
372,0.005090025259794143,9.045594008274447e-05,0.12579522942486376
373,0.006848226121007056,0.00013523921440210634,0.12532790847689132
374,0.00396245231080408,8.366914997994655e-05,0.1291046726512067
375,0.006410919780763595,8.710263399786717e-05,0.12995381438467474
376,0.006502145756050809,0.00010225515785960488,0.13318732945288647
377,0.004874467194952838,7.573675781932474e-05,0.1336583399884102
378,0.00612391472155087,0.00010170732460680959,0.1354255406652982
379,0.003246617687021387,4.003290351742743e-05,0.13572033975626335
380,0.0021916458115605573,6.526909818149938e-05,0.13552565045756323
381,0.0032291076757775647,3.598459729489373e-05,0.13597195745300464
382,0.0029564553959722543,4.5068542259905675e-05,0.13858466694432023
383,0.003638330202799475,5.7338827648558804e-05,0.13999140919568145
384,0.0034356333592789655,3.99484515135546e-05,0.13883870570889492
385,0.0031150832962565226,3.252873722843138e-05,0.14302688994810417
386,0.002490632222046032,4.08408495490403e-05,0.14300661268125617
387,0.0022825460177411,2.6726385663057938e-05,0.14268957380548486
388,0.0013273491023621266,1.7266097113770896e-05,0.14522732800867857
389,0.0029911667531383676,4.9448073104936186e-05,0.1421766193113546
390,0.002357447354042193,4.044168573056367e-05,0.14111071822399662
391,0.0021928471600553253,3.7214224990504905e-05,0.1405481593096547
392,0.0032515383045267827,4.289244141884997e-05,0.13793602943247305
393,0.0025568827874223607,3.940372961104198e-05,0.14419627262134588
394,0.0016243545085771053,2.1477870677500964e-05,0.14498046859328917
395,0.0007085186936865207,1.576667595276004e-05,0.14445385688918094
396,0.0017815690305998547,2.4932725758916826e-05,0.14232144473585331
397,0.0019672624394237877,2.440904628802965e-05,0.14876904236359564
398,0.0013451528134873674,2.8112604468302494e-05,0.1490353132099224
399,0.0013526772836670543,3.277288193368767e-05,0.14522620275747744
400,0.0024151460353043896,4.3429762480153675e-05,0.14098666408482485
401,0.0015917088526588438,3.660938136165733e-05,0.14418475854948934
402,0.0015094010275751425,3.4172818352095924e-05,0.14019123018295307
403,0.0012063862994917036,1.785681825560728e-05,0.13984796815483957
404,0.0034329729353811235,5.95180151556219e-05,0.1410961396525813
405,0.0018432011096894733,2.5702087958919186e-05,0.1403023385096318
406,0.003000339741134633,3.517726145976302e-05,0.14438726217616385
407,0.0013745012661741096,1.7266668761535015e-05,0.14734862658203982
408,0.0023987964650819668,4.6006683215428927e-05,0.1411759271589825
409,0.0014921395592208534,2.3730218719188755e-05,0.14381511599797944
410,0.002079535622398632,3.211357513285284e-05,0.14423201090374485
411,0.002122393003450236,3.513442109001928e-05,0.14582632477939847
412,0.0016953755962476106,1.4227025746772765e-05,0.1448324438579648
413,0.0013648510654656581,2.3192614042431672e-05,0.14375287925571986
414,0.0017660164984605667,1.88396104024201e-05,0.1458363029731984
415,0.0021068886253015813,2.029229927819734e-05,0.14895687974632688
416,0.0020394512822957695,3.2487729780296716e-05,0.14330544974518578
417,0.003674493061937476,5.4556193974340595e-05,0.1355874656016099
418,0.0014469110933657753,1.3312000062772779e-05,0.14089204023206015
419,0.001502520793464051,2.4251823719698223e-05,0.14149346376576014
420,0.0020764171499304007,1.9545806110224856e-05,0.14374620598854687
421,0.0026059071824480477,3.2825749446795155e-05,0.14562043681536163
422,0.0008701488809316897,2.5725050479457432e-05,0.14681895891512392
423,0.00109081505217915,2.4443295427758692e-05,0.1444238167995942
424,0.001754887018613947,2.001412798077061e-05,0.14853067284173188
425,0.00029456399301300854,7.805899399771738e-06,0.15003651943434745
426,0.001813503563300207,2.6125783103092495e-05,0.14475181228546888
427,0.0012092743467745084,1.868226306285102e-05,0.1423389897093146
428,0.00043084560712825486,4.577824680862521e-06,0.1504333984970819
429,0.002217694149147812,1.8017806114820275e-05,0.143763268731655
430,0.0009857375726214348,1.0205498080674798e-05,0.14775649034019295
431,0.0014958410830804676,2.646975702378897e-05,0.14223487733246692
432,0.0022224602588311517,3.144355767877419e-05,0.1442456338201368
433,0.0024773275181880347,1.7134636809605033e-05,0.14415604854381076
434,0.0016637608998302657,1.5283489943692803e-05,0.14804513232103825
435,0.0006752496224602797,1.5101510183109589e-05,0.14416140599106558
436,0.0017452857624249717,2.5973912570180037e-05,0.1411698030749235
437,0.0024534535596677206,3.9000750388672483e-05,0.14197610927717574
438,0.001913360035992238,2.962021674774614e-05,0.13579590786825743
439,0.004330264630731462,5.298747699262957e-05,0.13569146131161833
440,0.00268641204194312,3.872233881842869e-05,0.13589116510523996
441,0.004940071332772529,6.367507867103815e-05,0.13526972888399152
442,0.0025878402630148956,4.151070136263711e-05,0.13916385657055277
443,0.0023127597172686587,3.4822695764999196e-05,0.13788797147058124
444,0.0020559172632294543,4.019537247539255e-05,0.135435000967084
445,0.0024549917599925044,3.768293612205276e-05,0.1373305526156185
446,0.0040118764334343944,5.49806766932444e-05,0.13362226008751754
447,0.003063899217481151,4.595767966377993e-05,0.13454539881768973
448,0.00185308746984648,3.973885839170887e-05,0.13746645077678743
449,0.0021408802105040126,2.9494476682020356e-05,0.13664894523290383
450,0.0011350006762092279,8.113876201752123e-06,0.14044789742113142
451,0.002558129833457874,3.010457950007688e-05,0.1382175334360213
452,0.0017876414079706312,1.5985287972204473e-05,0.14018632085330734
453,0.001447058071179776,1.9943177314506192e-05,0.1414853651259938
454,0.0020069162803821854,2.4771358994059286e-05,0.1414477651750049
455,0.0019215210710791504,3.365156148492355e-05,0.14136554482066035
456,0.0010186719046485866,1.9134601939391588e-05,0.1445045598548745
457,0.0021156777117952823,1.9242988435011984e-05,0.14546782712269887
458,0.0023965035970322994,2.9152450188873384e-05,0.14193198668861187
459,0.0009270883410486708,1.849731404385086e-05,0.1401122544526543
460,0.0018566785083219434,2.423194420966395e-05,0.14491842224989804
461,0.0009611046903507495,1.612558099167951e-05,0.1458150188676416
462,0.0023697009115436047,2.974619804565083e-05,0.14491021103434212
463,0.002692295366911528,2.7677816379791882e-05,0.14156209471568754
464,0.0017952154609764087,1.7151720564220774e-05,0.14021318680782788
465,0.0022145556633210487,3.358020682431107e-05,0.14335369272774262
466,0.0013820841049152176,1.661099192101712e-05,0.14533322025532988
467,0.001244913312672778,1.453960094308511e-05,0.1426106067086552
468,0.0008636116637979399,1.1489836231193248e-05,0.14900347247165918
469,0.001373589373371907,2.1130066217449427e-05,0.14725175422459336
470,0.0014657201003338788,1.9267968720581626e-05,0.14651768112667146
471,0.0011893283668968008,1.2968279983078012e-05,0.14387890357353078
472,0.0017613085504303823,2.7931684489104354e-05,0.1435486465117615
473,0.0006083891375533028,1.246171461445566e-05,0.14224912601781378
474,0.0006622355287387916,5.011161896997118e-06,0.1509336440917072
475,0.0011410079327745172,1.3169737614020245e-05,0.14316884497088184
476,0.001442170080693875,1.7477624447650163e-05,0.14440142413779927
477,0.0005630109749800054,1.1440718155102676e-05,0.14755666317659566
478,0.0015879373114453714,1.7096301597794492e-05,0.14245595043945644
479,0.0010878125081122674,2.0476407746465852e-05,0.14841856337164522
480,0.001166635643825558,2.1221985737796522e-05,0.14800418305194438
481,0.002006240703340652,1.5337619181800937e-05,0.14559656040342214
482,0.0006643751382905059,1.199686563780825e-05,0.1446369590720649
483,0.0012025584000580705,1.8716879585086832e-05,0.15044613174855248
484,0.0017828034022796637,2.0485443100683313e-05,0.1477603110194794
485,0.0012407719281083741,1.58071849296891e-05,0.15264370733529223
486,0.0005933719323201928,1.3131691755225726e-05,0.15063431817108702
487,0.0007147634874287487,9.132043289470173e-06,0.149369437698852
488,0.0011726147879315809,1.5531763516473526e-05,0.15168029446197256
489,0.0003978691030395662,5.734408147635388e-06,0.15603766019349036
490,0.0005716687555406881,1.0262046120099116e-05,0.1542570406226253
491,0.0008501268569693284,8.028246350776721e-06,0.15562117628952712
492,0.0008349406033633964,7.483212602344481e-06,0.15302625067169653
493,0.0008339679453533218,7.424771594951466e-06,0.15542224327885096
494,0.001003688882128804,1.4169748730156374e-05,0.15465705727557838
495,0.00020262846229053756,3.5888773361772154e-06,0.15459060266441063
496,0.0005424271967206429,7.663928711303572e-06,0.15143986857178157
497,0.00021454172595582974,4.091853593272304e-06,0.15924691999736054
498,0.0003570777589046402,4.548843314221716e-06,0.1604663368647645
499,0.0005445378982755082,2.521845855839968e-06,0.15974522161676405
500,0.0011963572876685527,1.0270915462643014e-05,0.1536179513939606
501,0.0006185619952279241,5.607429052699094e-06,0.15414805265436837
502,0.00028418417344708367,1.8921407976278498e-06,0.15674355714936208
503,0.0006348967394332818,8.524811382829736e-06,0.15648391768609635
504,0.0005006062797505743,4.807279022333291e-06,0.15761346596904668
505,0.0006469983818566451,7.0715102801448435e-06,0.15590676983395543
506,0.0001665299116113888,3.964544312244957e-06,0.15374939885677072
507,0.0010030926756304397,1.2889693398899935e-05,0.15726756783244258
508,0.0001316162669553044,2.3464007898836784e-06,0.15550327283575233
509,0.0010713756891186075,1.0702410836423338e-05,0.15475769509773976
510,0.0003988019818377458,1.018869181932661e-05,0.1588433889188507
511,0.0005275458239945775,4.778117719444141e-06,0.1556471365179961
512,0.0005703080922010934,1.0489443262862365e-05,0.1599608108404572
513,0.0001426038266359524,2.7218381753928793e-06,0.15704070597116654
514,0.00019163622446332062,3.457271815433239e-06,0.15803919801663802
515,0.00041829644319378546,4.481966002550864e-06,0.1623939516839921
516,0.0005787980915411666,6.94015733826661e-06,0.15710552975584666
517,9.797951530333102e-05,1.1989427215593528e-06,0.16223355492684743
518,0.0001276275173220473,1.278164651966823e-06,0.16182292435575898
519,0.00023165451434204525,8.998884810604254e-07,0.16251715786551912
520,0.0007491659174179674,6.0490325578853394e-06,0.1616798011539417
521,0.0007915179680944221,6.4988036753451645e-06,0.1583129448829971
522,0.00045013871927413287,2.6399236150381463e-06,0.16526525393776118
523,0.0003375799621965415,3.2043504078509136e-06,0.16157089045038708
524,0.00013019354133353712,1.401125628244534e-07,0.15533264843465566
525,4.624124856081359e-05,1.6398662706762192e-06,0.1637557343275223
526,0.0004444829557153285,2.755536504388567e-06,0.15563125825829266
527,0.00039934915135878517,4.592859831045316e-06,0.1621319392324531
528,0.00039895389297558347,2.587994892822774e-06,0.15991737314167578
529,0.0003449704183919282,4.085320543876727e-06,0.16218339658236824
530,0.0007404909151235202,1.0095983737960713e-05,0.15917039958677429
531,7.45317513207577e-05,5.951027263905028e-07,0.16025205777379153
532,5.024171294732195e-05,5.880468958012044e-07,0.16698608606595058
533,0.0003248407096700839,2.854364187938157e-06,0.16233961254356985
534,0.00011916701343923825,3.163369396780193e-06,0.15873787907634648
535,0.00015301311701083973,7.881404330184389e-07,0.16524567861893524
536,0.0003809380717454469,2.976637289592685e-06,0.1607640585642039
537,0.00019350617880759883,1.8498732353827302e-06,0.1670694588194307
538,7.002203396915322e-06,3.5290227640797224e-07,0.16507245893793593
539,9.423707868168858e-05,1.2190990541877201e-06,0.1672301504418245
540,6.075847405729234e-05,1.6106566351645665e-06,0.17015411294064586
541,6.825454729852249e-05,5.314041000274123e-07,0.1692067436761081
542,0.00014994954217328882,2.156095625441686e-06,0.16330167299652884
543,0.0,0.0,0.16372946826300225
544,0.00013319740470481997,2.310346243311035e-07,0.16674741049657382
545,0.00022013428882513127,4.475733866106326e-06,0.1648308023488441
546,3.976912396415896e-05,4.7483361397162287e-07,0.16635353758715865
547,0.00037821688995460986,2.952450485406769e-06,0.16904357951443094
548,0.0003705770793179654,3.1493795096200607e-06,0.1655705219360019
549,0.00010008162159145397,7.22492772551501e-07,0.17247142448856778
550,0.0004942553648464622,2.565268471260509e-06,0.1652419747716543
551,0.00022492922923084,6.298423762607476e-07,0.16295368995806928
552,5.502421090475733e-05,2.1699190230064267e-06,0.1661256996802324
553,0.0,0.0,0.17040152996776806
554,0.00013126455590004797,1.844536678966102e-06,0.16970052164476618
555,0.00036153370407057895,2.3321971889969885e-06,0.1725092903719101
556,1.943450238864158e-05,8.112118028060755e-07,0.16962470200797805
557,0.0,0.0,0.17285799157943588
558,0.00029581214321394874,2.999336729060566e-06,0.16944706504436
559,3.443024978107511e-05,1.4081331260185836e-07,0.17261031192343132
560,0.0002622725003299572,3.580052982727169e-06,0.17081942895273136
561,6.386929088000938e-05,1.1030631650991331e-06,0.1718315021399789
562,4.716252591461984e-06,9.020596920606042e-08,0.17464841889294996
563,0.0,0.0,0.1611432605332446
564,7.032000280927182e-05,2.5936017430778436e-07,0.16939564157314335
565,0.0,0.0,0.1712299759634437
566,0.00011038562938877848,1.2916575406151594e-06,0.16805433610263912
567,0.00031304249438120153,2.78436949210602e-06,0.1755485250093538
568,6.0352297779880134e-05,1.5995280940983138e-06,0.17306476630969697
569,0.00029796257725785895,1.9063483300034354e-06,0.1718649481098006
570,0.0,0.0,0.17077549163414138
571,0.0,0.0,0.1684178521689043
572,3.449715474472962e-05,9.925296372430013e-07,0.16887200061389934
573,0.00022454622582140262,2.508540260367372e-06,0.16669546739886887
574,2.682301798152763e-05,1.233460838077544e-06,0.1674340921152326
575,0.00021777954869512927,2.9960271059447633e-06,0.16821001533594354
576,0.00038603796714418233,2.222433273839934e-06,0.16298570983425237
577,5.551510983944817e-05,5.925248719055194e-07,0.16624083223444586
578,0.00024467840337420217,3.7092944457472974e-07,0.16580618097314848
579,1.317380980538814e-05,8.101371675295289e-07,0.17104651124392078
580,0.00011860516906002178,2.664230234941383e-06,0.16785249598384286
581,0.0001450773886658227,1.7576549340361348e-06,0.16493158087592458
582,0.0001979900782399482,2.813776182061909e-06,0.16258243899439065
583,0.0002825017373540916,2.6793104888140853e-06,0.1615537816358619
584,0.00017500732544768706,6.964068164016984e-07,0.1677869783381163
585,0.00013382364937657848,1.8096520568168696e-06,0.1625512585899914
586,4.270573508277113e-05,2.83742808148164e-07,0.1650729656449136
587,0.00011040276287847376,1.2238169218810342e-06,0.16500048033220346
588,8.030769457836739e-05,7.224623829541885e-07,0.16673959351984838
589,0.0002213445247313733,2.944898361947293e-06,0.1675729593688555
590,0.00019134844612023584,8.013642333268511e-07,0.16263627289465996
591,0.0001855485734892829,2.7066051731780324e-06,0.15921892164645118
592,0.00030397390408582386,3.846183395589659e-06,0.16419932939747844
593,0.0,0.0,0.15972990523427996
594,0.00022056351840889986,1.0510462551970793e-06,0.16796858673215487
595,0.00012972719124774705,4.4439314238777956e-07,0.16499804787927308
596,0.00010277903150240716,9.591921238448e-07,0.16283232103923173
597,0.0003213441294490255,4.6431672914731466e-06,0.16317542829891807
598,0.0,0.0,0.1647266423878492
599,0.00011724192632740921,2.3493271619637544e-06,0.1634152157786507
600,0.00030181623307284585,2.530149105142277e-06,0.1627075473724888
601,0.00045693362593743537,6.460545743054192e-06,0.1616411652429107
602,0.00017031061330038806,1.3162221632776602e-06,0.16133659111767967
603,4.4566322892474876e-05,1.5440810448430674e-06,0.16271568019434962
604,0.0004192857690764342,3.3703990750660407e-06,0.16170101211271645
605,0.00032235520607684496,6.814282729909022e-06,0.1588975663054926
606,0.0002838820054332689,2.67966714367035e-06,0.15895094707344992
607,0.00018373339132815017,2.361917912516777e-06,0.1652451097305268
608,4.789375880100385e-05,9.26468570239342e-07,0.1669212349502244
609,4.6731281481370835e-05,1.0341826844344208e-06,0.16466280076777792
610,0.00011603338480404519,6.571098690369973e-07,0.16341815451771455
611,0.00017387618898493732,2.950521195760272e-06,0.16319633958312446
612,0.0001699318981454125,3.007485896920933e-06,0.16251055246678947
613,0.0,0.0,0.16449249804962132
614,0.0,0.0,0.1625992696485807
615,0.00014121614135517813,1.075854021464567e-06,0.16203715911259067
616,0.0005105863502567362,5.701864795477726e-06,0.16088477155604045
617,5.804908976603841e-05,2.354452153163253e-06,0.16421993842143895
618,0.00043115776277420956,4.870808557636403e-06,0.16138812104723008
619,1.4631683584420566e-05,2.6088102829475123e-07,0.1607534564420999
620,0.00019752846076967216,2.7881622306270257e-06,0.16077882157936854
621,0.0001804538473076546,1.5380531688600754e-06,0.1646138503539014
622,0.0001592194332207319,1.485247066750105e-06,0.16765904353885203
623,4.5640188901136375e-05,1.0025593469694856e-06,0.16461660370500886
624,0.00015202702195667758,2.4607222525236263e-06,0.16608123199507338
625,9.723053179840379e-07,2.2381315507351677e-08,0.15919332734903538
626,0.0004961693882750373,3.3979239065512497e-06,0.16311042474271611
627,9.147475444920252e-05,2.687940674227932e-06,0.16135180639214183
628,6.259988632960482e-05,6.4593936861225e-07,0.15923683590909724
629,0.00017338533678549342,3.818643468840863e-06,0.1616816806663694
630,0.0004183875576371204,3.2717560369955508e-06,0.16133705824466735
631,0.00018156991295480347,1.4566495247951516e-06,0.15704881923209815
632,0.00035639148049225634,2.5114153859978103e-06,0.1584973268854172
633,0.000491006711264573,5.719330896553808e-06,0.15795565737403536
634,0.00022800051275116565,1.5149281419437446e-06,0.1639879070247179
635,0.00022522341853549945,3.6540723873057037e-06,0.1647755796432632
636,0.00011281615485561104,2.4500237783683385e-07,0.1584562216453226
637,0.00027787452164530513,2.3112413956142153e-06,0.15948613753763963
638,0.000603927580574001,2.983259036860044e-06,0.1623155551195639
639,0.00017046866452220962,1.0625292776097337e-06,0.16400759871039025
640,0.000272468816306008,3.519986953078593e-06,0.16391731672728696
641,0.00022598072283637894,1.1107328478984591e-06,0.15978915495325707
642,0.0002471583995433755,3.0219274102189956e-06,0.167699511473729
643,0.00048773124460311764,4.989044127879786e-06,0.16346099554001983
644,0.000496119093139144,2.4815821734495675e-06,0.16296201175186129
645,0.0004384850902185259,4.593186088715882e-06,0.1634611761876129
646,0.00017652563953371095,6.94997784487875e-07,0.16662516533217792
647,0.00024115268561918053,8.450142633533691e-07,0.1653658540009276
648,0.00010061089108581629,2.0846565214338993e-06,0.16072712958596239
649,4.302784551247003e-05,3.194339766990883e-07,0.1670516743232039
650,0.00029488055786109615,3.6193737155323425e-06,0.16265588018769375
651,0.00041670868863761043,2.388670171529379e-06,0.15962311824901593
652,0.0003075719958716163,4.464733306844178e-06,0.1678052452544621
653,0.00034018045092251595,2.4427561579211376e-06,0.16301524623158434
654,0.00010006508932320896,3.2997466825014416e-07,0.16049719298398504
655,0.0,0.0,0.16466974363463363
656,0.00019306554281700588,1.4577135126158625e-06,0.16254608848734065
657,0.00026445736955120475,2.367464619143213e-06,0.1614746951422698
658,0.00034767921467108385,7.963869708656448e-07,0.1578666835021428
659,0.00011386873188487736,6.078035596278245e-07,0.1610279267282044
660,0.00035019993341130104,1.6126501190382692e-06,0.16335905626927985
661,0.00026256895671795683,3.623678099059308e-06,0.15904186962962769
662,0.00012245387742219042,1.6644355166424638e-07,0.16292037283409078
663,0.00042540132113761856,5.441333567884814e-06,0.15575472647056807
664,0.00024333563424877022,1.5875746688776196e-06,0.15917541874031144
665,0.00024041927006171972,2.981677743045646e-06,0.15950669338342208
666,3.721500125152218e-05,1.09586085487914e-06,0.16060227149420525
667,0.000300543563246201,2.3755116045560396e-06,0.15780274716102385
668,0.00040253463039783145,3.6507915235136858e-06,0.1598053481819751
669,0.0002881044815052092,2.6674107886920596e-06,0.15281573975217275
670,0.0004251060699414896,2.8744544367404483e-06,0.1588442257975481
671,0.0003583781010293188,4.140001504506185e-06,0.15456508383173903
672,0.00010214021854619996,2.6114536069633496e-06,0.1584715440176657
673,0.00028750629184326514,3.466756635476167e-06,0.15525546946413407
674,8.214661753978288e-05,2.1275900811594015e-06,0.1549445694699549
675,4.504783463668947e-05,1.6193243610411009e-06,0.15621743760095885
676,6.247252748136099e-05,2.248426464456441e-06,0.15667671350618495
677,0.000770699990235296,3.7356396129627787e-06,0.15636130687761773
678,0.00026964990706784196,2.092322400746885e-06,0.15029925736257121
679,0.00044570371377273746,3.731482485334013e-06,0.15147611645005002
680,0.0004962343676237143,5.876277038316909e-06,0.15478978089257628
681,0.000401636044681467,3.0976311873777915e-06,0.15357234790445484
682,0.00042613292040505124,4.591855306210562e-06,0.14913958420949258
683,0.00047020515812724515,7.801548327302644e-06,0.1462275054550672
684,0.00018975535357655424,2.565564716575228e-06,0.1496214899897434
685,0.00036975247261939316,4.377645329434875e-06,0.14674493442325046
686,0.0005424157069899306,5.500972174376195e-06,0.1511189546812195
687,0.0007345020575026371,5.105389193965338e-06,0.15336387391155235
688,0.0008093856081344909,5.065883481500706e-06,0.15212872934604507
689,0.00025665823230813247,1.6096104518178784e-06,0.15315933698030795
690,0.00042586816346724737,1.995315195153316e-06,0.15334585489990132
691,5.916549000290619e-05,1.1886978688203152e-06,0.15563603057813497
692,0.00017916724872053233,2.502136409083985e-06,0.1588911669243149
693,0.0002665143064146207,3.519166899505835e-06,0.15360223657857655
694,0.00020312398108029764,1.0743211568823948e-06,0.1544632011467972
695,0.00033367661692890687,2.3090052800581966e-06,0.155858148702989
696,0.00018844581992609187,9.748770448018682e-07,0.15635325235417766
697,0.00022233460895240887,5.1598365624192665e-06,0.15401716907006438
698,3.429883282738583e-06,9.669463844696007e-08,0.15785467664296013
699,0.00018834107993110207,2.0624739314459986e-06,0.15339241665859904
700,0.0004493870882031871,6.645025907411088e-06,0.15274422490467796
701,0.00045311077029085937,6.67534110986723e-06,0.15399607712894892
702,0.0003498519920864531,2.656119846613716e-06,0.15454274399998083
703,0.00044833570649002,4.640724236325311e-06,0.1514634614597768
704,0.0003306840597354136,8.196094365780328e-07,0.15081200974550268
705,0.0005012886941862642,5.661312780616872e-06,0.1553255809758774
706,0.0003960756148157898,5.052492728072876e-06,0.15766375037425992
707,0.00033623135828160527,3.1694395234948875e-06,0.15497731713863983
708,0.00015709876367287263,2.043590760323814e-06,0.15241337364660681
709,0.0006921036431413915,6.795500911393082e-06,0.15174067436397579
710,0.000600522124047608,7.010980463264262e-06,0.1505941970198372
711,0.00047321442859488534,2.410093312490208e-06,0.14743462047915187
712,0.0003369404242170764,5.2871991500413535e-06,0.15007771918550944
713,0.00038792350654660857,4.895383512381483e-06,0.14885615381757492
714,0.0008348014413964162,8.213624218700523e-06,0.14946317054589736
715,0.0004662194076002954,5.471577245796873e-06,0.1498440368904699
716,0.00046034393770715454,6.072986079208578e-06,0.15032018915064826
717,0.0006556344630682854,7.582029468023303e-06,0.14853407610796468
718,0.0002184466428503002,2.1633373688980304e-06,0.14949076230909478
719,0.0007833982876854924,7.0887686768836486e-06,0.15139276771992158
720,0.0005449379865765363,6.125671395192614e-06,0.14709831370158413
721,0.0002702403689638926,2.3882782346690126e-06,0.14270213875085813
722,0.0004215301239630288,1.739601059047219e-06,0.14948595026154704
723,0.0007048843649236102,1.0026449264144333e-05,0.1496343623825082
724,0.0009495117937430911,1.748348394376957e-05,0.1469626384798045
725,0.0007615202573161813,6.893165955675371e-06,0.14442841292562833
726,0.00042948253406184457,6.6230109689888795e-06,0.1397615567168423
727,0.00017905391190633924,3.4434574290773047e-06,0.14752588659503035
728,0.0005725021107868592,7.544108230306896e-06,0.14893320351901307
729,0.0008241738595318036,9.590919514918842e-06,0.14458863849397677
730,0.000926312013488352,1.0049328617599988e-05,0.14604686644178708
731,0.0005668080077767945,7.514011199036431e-06,0.1430930419906763
732,0.00041957103198918613,1.2639896384139477e-06,0.1483415411497557
733,0.0003962487899718929,7.743570604257714e-06,0.14817939745588488
734,0.0005118896289458933,7.440610427530676e-06,0.14531514778770582
735,0.0002390429020290098,3.8233066687362626e-06,0.14976223363128963
736,0.00027360103387688453,4.281950714084821e-06,0.1487386474287368
737,0.0006907190774689671,1.1565356587935653e-05,0.1485865838396639
738,0.0004954009574388113,4.548962058515256e-06,0.1473940047477565
739,0.00034555083831689,2.9293310233842133e-06,0.147982373106075
740,0.0006122091293645535,5.094969861410711e-06,0.14577526471961932
741,0.0006576553407827366,8.937255288585001e-06,0.14763069085727407
742,0.0004608033374865744,6.3662742978413635e-06,0.14856468556312025
743,0.00018112028413002225,3.6748810045054913e-06,0.14665386835498953
744,0.00031307740709365163,3.4976984984002504e-06,0.14868568586191502
745,0.0002289653573658395,3.3583463144418575e-06,0.14387368668551256
746,9.767948862937997e-05,4.6179027172181464e-06,0.14634643339533054
747,0.0004230149927469592,4.800894289014579e-06,0.1487158559617641
748,0.0009551484567043451,7.990571397641936e-06,0.14379020262942852
749,0.0011666531148059973,1.2422816566724095e-05,0.14110500408552154
750,0.001508499906289242,1.72877850665696e-05,0.13939568761144983
751,0.0002900021399396317,7.656499630465956e-07,0.1405165676116778
752,0.0008759283511527551,9.961815333335969e-06,0.13958769076232413
753,0.0009611933587923294,1.4176942559379538e-05,0.140945534833021
754,0.0014393871944285907,1.6954251031341395e-05,0.1420762299369209
755,0.0002759229992998765,5.836565873334686e-06,0.1404783790503717
756,0.0009994057983825013,1.0132848909506301e-05,0.14003653814186753
757,0.0004828358424159132,8.291796057481116e-06,0.14132706681642107
758,0.0013503245921895513,1.8066749999382355e-05,0.13954464303185235
759,0.0013599344447232438,1.197382654208756e-05,0.13727284144537033
760,0.0009341512863563717,9.333994714658595e-06,0.13752585293894273
761,0.001048549257515845,1.1837843185654341e-05,0.14139621785802683
762,0.0014643488450610449,1.99492151309361e-05,0.13774917897495556
763,0.0008518633606638867,7.377990359632615e-06,0.14215589303407505
764,0.00045403380009660134,7.885503117426082e-06,0.1383944370061203
765,0.0010979340430544882,1.3242830718780113e-05,0.13739232461322912
766,0.0009725449165459368,1.1306210234648803e-05,0.1353790741000996
767,0.0008133530105128371,1.0301104648939113e-05,0.14218581342287226
768,0.0009161530336262245,1.3230483305400379e-05,0.13733610822984776
769,0.0019970651174130278,2.3534757852868187e-05,0.13847218190685107
770,0.0010034611399925588,9.360310527665405e-06,0.13656815807029432
771,0.0006649869794960612,9.632146208189206e-06,0.13735160833992227
772,0.001334067009020167,1.4611418120660126e-05,0.13784299000460098
773,0.001835505343122541,2.16670627370642e-05,0.13479206374272343
774,0.0008323910401234962,1.218093854971449e-05,0.13616472710212044
775,0.0015206457345948118,2.003278633545106e-05,0.13608921515456665
776,0.0021846329840961385,2.3907136793080667e-05,0.1346781921641394
777,0.00048447716826926503,9.81559212551068e-06,0.1374308585843034
778,0.0013948412545514719,1.4418926856979324e-05,0.13790686044966344
779,0.0012851092944398705,1.1107565270727593e-05,0.13655047968594414
780,0.0010996063829722036,1.3217822257961063e-05,0.13668221106117628
781,0.0012142246394167414,1.2921840075455524e-05,0.13815856868730084
782,0.001098307415352638,1.4668677001144607e-05,0.13421980993062618
783,0.002025859474328549,2.5053564236002764e-05,0.1395421748753127
784,0.0006785618103064705,7.918638244559799e-06,0.13919356817115056
785,0.00160431806224511,2.5588811765955643e-05,0.1408816637906372
786,0.0007436804185803116,1.0539857395320362e-05,0.14258279788160474
787,0.0013447476829320977,1.1418327794786702e-05,0.13912346262297867
788,0.0010403626021169175,1.843365512915067e-05,0.139004915187751
789,0.001110696259736437,1.278008813187046e-05,0.14059291101561047
790,0.0017493857183044313,2.6918149398362776e-05,0.13976859185373133
791,0.0006532417564293481,7.032345613996409e-06,0.14102865538347356
792,0.0012778954911886417,1.121226954231176e-05,0.14102885353456085
793,0.001336996195409602,1.5561146088927043e-05,0.14445024502887674
794,0.0007477848597429728,1.2146452055907739e-05,0.14385993354834956
795,0.001721723562750578,1.8433172252412916e-05,0.13817014913793457
796,0.00120208227391739,9.52588915136132e-06,0.13979122382128878
797,0.0009512567354580541,7.742632331817305e-06,0.13918858700915354
798,0.0005464292677410542,1.0326907854027229e-05,0.1400852871652456
799,0.0006794163997884004,1.7585509688198922e-05,0.1377528127628651
800,0.0006752270488854233,6.148723708895963e-06,0.13718767193254217
801,0.0013658073345701074,1.7730080847697807e-05,0.13782811015792343
802,0.001610313633739288,1.406807437507386e-05,0.1390229823998205
803,0.0005773250222092679,7.231535453685616e-06,0.1388144835618449
804,0.0011457012075359986,1.094674022569738e-05,0.13774820052627065
805,0.0014189985977265487,6.837801100044366e-06,0.14111509428656038
806,0.0009615082535705805,9.409231118889312e-06,0.13571584938779058
807,0.0007456641309592321,1.271422595893865e-05,0.13610572953997466
808,0.0009656934782313974,9.560186226569286e-06,0.13565128599591805
809,0.0005612091426428991,1.191264024285737e-05,0.13363952207750146
810,0.0009625033415234468,1.37753549524533e-05,0.13860332821442364
811,0.0007438182091381265,1.1305252706762667e-05,0.1403401119052706
812,0.0006564805937246851,2.3572252183944703e-06,0.14006012521093084
813,0.0007080081802382661,4.41845301098633e-06,0.14162085396397683
814,0.0007597819424980769,9.979558096681821e-06,0.14150243704005203
815,0.0019133436200412693,1.8569160387164956e-05,0.13676501272495592
816,0.0011384417247390756,1.799035099147735e-05,0.13816802073835668
817,0.0012370854784644163,1.3698365364626083e-05,0.13867018039212237
818,0.0008228688153324697,9.091952206417615e-06,0.14030199439962424
819,0.00045464633263216894,7.32356329431802e-06,0.14181855234384358
820,0.0013411052655744446,1.6791003412117013e-05,0.13788339705198596
821,0.0007375363208149266,1.1476632119690696e-05,0.14052481201302022
822,0.0009501090803105998,1.0465432295159297e-05,0.13759328894942036
823,0.0011167738505052844,1.6356231086945742e-05,0.13993809273558966
824,0.001094562528859275,1.4138318960439362e-05,0.1399356806267056
825,0.0005664761018602254,8.576016940753419e-06,0.14403942950948
826,0.0011157217103675782,1.6131511142475485e-05,0.14144805673597893
827,0.0005440784812291278,6.442373667538709e-06,0.14603409955170704
828,0.0006868407124280219,7.82488951393621e-06,0.13889514163396455
829,0.0005186598602387082,6.0132851282259316e-06,0.14212154579202427
830,0.0007306192089963789,1.0851376941020955e-05,0.1412283430369193
831,0.0005371298869591013,5.203278142044217e-06,0.1407174528650522
832,0.0005167683245931549,8.438218937293252e-06,0.1462063947730451
833,0.0011037563650970457,9.79841356766763e-06,0.14281175807056293
834,0.0003539454726013982,2.0839167909568743e-06,0.14261059214010618
835,0.0008556389174327073,7.985846990143768e-06,0.14250137793656123
836,0.0004077077844094792,4.434179939683571e-06,0.14157924797764904
837,0.0006329387828542485,5.736145447099894e-06,0.14345560166922877
838,0.00044742803998780017,4.141791188430454e-06,0.1442692713939898
839,0.000738674642714735,4.482029261965353e-06,0.1437011650127035
840,0.00010867747182722986,3.1738140376802733e-06,0.14435734190788604
841,0.0007055716438836407,5.540923344469117e-06,0.14110350096785537
842,0.00014066446406538414,2.1513554642165457e-06,0.14655378080167122
843,0.0003808128294033546,6.236644163302678e-06,0.1451781773289724
844,1.8264862057508134e-05,6.639329206182372e-07,0.1506728198272882
845,0.0004558744204488596,6.4447409886396695e-06,0.14658075735697862
846,0.0002979410809207698,2.351724469572899e-06,0.14388397834511768
847,0.0007683285426179493,5.464281458196206e-06,0.14653250457137718
848,0.0005292771650233974,4.839267133761037e-06,0.1441103572462278
849,0.0007215639892503272,4.055510104236133e-06,0.1449580511732399
850,0.0004931560166323707,7.341427995116239e-06,0.14571135837793225
851,0.000429774557786115,6.820236719004389e-06,0.14483737268487237
852,0.000610708513612359,2.504602676465782e-06,0.14487648873339826
853,0.0005570536445208386,7.547379468189626e-06,0.13779263381342668
854,5.080552048792734e-05,1.96968172123542e-06,0.1451707654705086
855,0.0006579013712441282,7.207889860526669e-06,0.143960482074372
856,0.00036409929959902603,6.071945910746223e-06,0.1417194005847203
857,0.0006746249624013267,1.0027221272402013e-05,0.14697344999741824
858,0.0008101317458840046,8.718585331611763e-06,0.14508828208204969
859,0.0007988966857858872,8.146519245706907e-06,0.1443059364374813
860,0.0004188268795307612,4.429072830141834e-06,0.1438401220849321
861,0.0006592793646974011,4.670155683836808e-06,0.14336591070084295
862,0.00016975634328850075,4.354274633076661e-06,0.14432404990226258
863,0.00047851117507060047,5.14989429420033e-06,0.13962531208119902
864,0.0005577241741767616,4.675913555484554e-06,0.14438257899697543
865,0.0005581768528962007,7.3366341619960895e-06,0.14638899130773966
866,0.0004143211347108728,4.4513129036951125e-06,0.14617711255605326
867,0.0007553798809572627,1.1735334203995011e-05,0.14459011319348475
868,0.0001837457869864997,2.686248791305152e-06,0.14307035080084737
869,0.000719405593990713,6.563631951458933e-06,0.14533485662898005
870,0.0006756440569113142,1.0718638502192138e-05,0.14468859125203967
871,0.0008363586270341143,1.0579175488338835e-05,0.14148354487770085
872,0.00030347357604045385,5.820997800924864e-06,0.1455319756540042
873,0.0004688555072577755,5.288943117968714e-06,0.14384617521289414
874,0.0006558714456760395,6.2212866641938485e-06,0.14394517307634777
875,0.0006517160634985859,9.97478246460016e-06,0.14366415663703533
876,0.00048400275291359375,2.754995358954066e-06,0.14237658570171782
877,0.0006277098869299888,6.889412926595511e-06,0.14411687002952106
878,0.0009072899817999642,9.791765017690443e-06,0.14090519436739593
879,6.293085747063246e-05,1.0582145803288998e-06,0.1410256885729829
880,0.0006391318767011661,6.58990593494865e-06,0.14088684494723616
881,0.00029902910390087437,2.5139278897096015e-06,0.1458145750521728
882,0.0009517602814408192,7.097345773256268e-06,0.1430501493407636
883,0.00044938945659419,9.237545272171895e-06,0.14259743213470757
884,0.0005692530010258439,6.687662134888185e-06,0.14353086794317543
885,0.00030475591167452567,6.660668983612621e-06,0.1421449916186995
886,0.0007948138275254542,1.4673675470223136e-05,0.13707263670278483
887,0.0005399762727428323,8.454536393237497e-06,0.13658524021946913
888,0.0005852272474913434,6.23518595649618e-06,0.14003678959957117
889,0.0012697408382356435,1.043308621290895e-05,0.1379806526368094
890,0.0007189281220076414,8.909250748540022e-06,0.1428288745576989
891,0.00031297622852987105,5.733272113978147e-06,0.13991793271070566
892,8.522238672004544e-05,1.050143701176439e-06,0.14033030781110437
893,0.0008425316712301668,1.412554840187189e-05,0.1457032293579153
894,0.0010071281776151105,6.58511717904601e-06,0.13977358451509167
895,0.000775534299003705,8.278958104615582e-06,0.14468828906108058
896,0.0009925077750685336,1.2617081057540879e-05,0.1391312610989797
897,0.00036047519626213964,4.914660474609446e-06,0.14547430960427685
898,0.000761108572886495,5.0266527875780005e-06,0.14443893080049644
899,0.0008618733526000686,9.562424289682672e-06,0.14166836927665424
900,0.000593517345887825,5.758044591767807e-06,0.14215627231008496
901,0.0012604850257721002,1.2854033675319007e-05,0.13849773045858604
902,0.00045622285115615516,4.901280553589494e-06,0.14387206581820008
903,0.000562363848926425,6.128508821676615e-06,0.1433299787041012
904,0.0004015917563805197,7.805217813211443e-06,0.14489456085977062
905,0.0008860665719616189,9.651191093416449e-06,0.13981342684561152
906,0.0007090366782970619,5.18301611865617e-06,0.14114755319370767
907,0.00034035578422763637,4.395160870479093e-06,0.14266292171100736
908,0.0011917198844785877,7.914264252395452e-06,0.1418854761205052
909,0.0005746267049058747,1.3285957453841114e-05,0.13847992244493001
910,0.0007718113702749464,6.049191812843131e-06,0.13964850021325242
911,0.0005330174495751513,8.518704571162913e-06,0.14040132374507516
912,0.001190789897678998,1.4738423968050297e-05,0.14062671027924334
913,0.0003841547364249673,1.1292436236221338e-05,0.14111896881140826
914,0.0005448884632680363,7.362953910159821e-06,0.13734965237267546
915,0.0008863128602714001,7.552995496316113e-06,0.14025902368160137
916,0.00023883889148477278,9.750706783308106e-07,0.13926271815081984
917,0.0006341143879223569,1.1670386009972684e-05,0.14030287460080282
918,0.0007778760139069069,5.377646503300447e-06,0.1361153369270643
919,0.0015948006762033903,1.8790927506246053e-05,0.135949665499947
920,0.0006808191440890081,1.2129094715636206e-05,0.13497052671622756
921,0.0005586905480036572,7.912605973886287e-06,0.1409959161388717
922,0.00022184748478323475,6.33246498553991e-06,0.13907003009945818
923,0.001221875298670391,1.5421862357547032e-05,0.13694771301453773
924,0.0009189834346101926,1.0685554646578373e-05,0.1396803751618251
925,0.0005498966077804997,3.812101797167169e-06,0.14015882566996704
926,0.0007684496487028401,3.3433707371655925e-06,0.13568510295709899
927,0.001189448571275886,1.3282350210579758e-05,0.13814138975586782
928,0.00047946859753019246,4.338618464314676e-06,0.14292538654498052
929,0.00087331275177468,9.821981172516647e-06,0.14086341835818575
930,0.0009697359910250441,1.3426208558763555e-05,0.13844884448030303
931,0.0009358019021464079,1.3467135590623668e-05,0.13850643559147122
932,0.00033749564613120956,8.81734549539182e-06,0.13917000189707487
933,0.0005940296276836111,5.858160045044877e-06,0.1401516583771823
934,0.0004732756926151831,6.901988440445224e-06,0.13617369054447534
935,0.0008632329911056047,9.291407692527032e-06,0.1391346615807028
936,0.0004919575104083519,8.360416985146046e-06,0.13988476711331452
937,0.0011108050444491654,9.751548526308426e-06,0.143701863171657
938,0.000490425023561882,5.032648148680216e-06,0.14140999725108436
939,0.0007401871800835325,1.1704560938084492e-05,0.14185707947483386
940,0.0011935332990715883,1.3040693821491119e-05,0.1376615084268545
941,0.0012647075980559174,1.5153986553780496e-05,0.13744052807343968
942,0.0005802986965498627,9.274307701022927e-06,0.1407408012526352
943,0.0008791175419110748,8.899034809533312e-06,0.14054928805462083
944,0.0006601971445087711,4.881011286178975e-06,0.14358932293862814
945,0.0007937070147059009,7.380017868208767e-06,0.14283039861811564
946,0.0007280781838707744,1.034483799081462e-05,0.1435621349957932
947,0.0005378895913305212,8.34954300110987e-06,0.145837469922678
948,0.00011514821455018087,3.114023516162561e-06,0.14314788973828452
949,0.0008105928251127621,9.664322746763635e-06,0.1419943182536665
950,0.000981602491774212,6.146759897792917e-06,0.1391525173249743
951,0.001136832748109428,1.1475278142529036e-05,0.13994199141428407
952,0.0013981705996613239,1.3762492119236063e-05,0.13917380969747045
953,0.0009198308206739325,9.11181782043852e-06,0.13979479147153587
954,0.0005072677005096155,4.708260859382726e-06,0.1437913303033597
955,0.0007975699844509986,6.674971800426451e-06,0.1389863292425718
956,0.0007627279499848164,1.1092226937046323e-05,0.13873861916250085
957,0.0006121005417399828,1.1564349754980335e-05,0.13961035190546334
958,0.0005896972406863038,7.144705218970529e-06,0.1400512857834833
959,0.0004192954905204919,6.691514745606737e-06,0.1402114473110115
960,0.00010227111271015291,2.9839078782190765e-06,0.13587603962960862
961,0.00033150669733088604,7.947374780134404e-07,0.1412362330621863
962,0.00017846551618003775,2.648662823897786e-06,0.1401895850381152
963,0.000193235072581184,4.676058526451201e-06,0.14503155576579502
964,0.0009204123533375963,1.3984860543307688e-05,0.1383584789128933
965,0.0002708669172299642,2.0309350862789774e-06,0.14235264010666304
966,0.0008115682213426452,8.819383044489927e-06,0.14279109603963142
967,0.0006319441153107761,4.05932408092178e-06,0.14225352991947973
968,0.0002738955989829187,3.077806070568031e-06,0.14146500873117263
969,0.0005434238440575594,6.64257898343071e-06,0.13972280647746607
970,4.615308660294798e-05,1.4527663664261851e-06,0.13989670539790292
971,0.00037587044335037946,8.194712514455607e-06,0.14277333361579433
972,0.0009514027701855896,1.1802753717069067e-05,0.14022663724966142
973,0.00020724791309284374,3.4553144100345184e-06,0.14213159739159142
974,0.0008577311504390147,1.212997157432616e-05,0.13842722092884402
975,0.0003323714195659037,7.978126628977937e-06,0.1420252721692529
976,0.0012307671519708179,9.807663541453246e-06,0.13961567953866877
977,0.0008453601534297699,4.3791475426874486e-06,0.14185102330067
978,0.0007221882889542945,4.739446112992467e-06,0.14168780220559354
979,0.0007359014568388019,7.680091811072284e-06,0.1451503840969493
980,0.0006507484136870722,9.526317667255177e-06,0.1442546619645919
981,0.0001466166566461308,3.1046160428255385e-06,0.14218534054878862
982,0.0005578707975521964,5.8925750121405165e-06,0.14102090252151891
983,0.0004874052996833852,5.688619733168639e-06,0.14346828102620504
984,0.00036141261402775933,4.164013797245277e-06,0.1447204804283013
985,0.0002466224636008773,4.147010824008824e-06,0.14269130832282362
986,0.00032835164928028107,4.57626009339031e-06,0.14636570529067983
987,0.0011139934468861936,6.725975897260036e-06,0.1420549575463287
988,0.00048153010364892894,2.836210169003092e-06,0.14606397648219144
989,0.00046436672736688164,7.338593192838371e-06,0.14313247140283536
990,0.00021334745222353652,3.976641770918869e-06,0.14409347395564948
991,0.00048808490641210614,9.73308741445434e-06,0.13999063440344953
992,0.0007354987954703872,9.716266376260213e-06,0.14102091372973122
993,0.0008810664194811377,7.944581812163091e-06,0.14297458301794713
994,0.0005615537259039516,6.214927111939594e-06,0.14143772937613575
995,0.0006945301402597875,1.0725863047446053e-05,0.1375511504647784
996,0.00044439493345309247,7.1941446189909796e-06,0.1448280563344379
997,0.0011438349911537934,1.0961665226377246e-05,0.142755591627856
998,0.0006557313843104271,6.082384008340544e-06,0.14153883141634566
999,0.0005511812317841263,6.731605602692113e-06,0.14100022521463984
1000,0.0005336775946409609,7.96715935982515e-06,0.14215811412702253
1001,0.0006956326401197089,6.853160951671847e-06,0.141010268036274
1002,0.0005846426442730441,5.796905647808812e-06,0.14142101074677663
1003,0.0005631080497178452,6.956954905562564e-06,0.14263481419993185
1004,0.000793117820761995,6.0618554301685475e-06,0.1422039087626244
1005,0.000549940220900098,6.5574499921329005e-06,0.14255427271987967
1006,0.0008735296015753204,8.908505795193333e-06,0.14150751146952195
1007,0.0008995273450613991,8.196836129603179e-06,0.13588612595266159
1008,0.0008511349423069296,8.632165699115712e-06,0.13757267340102955
1009,0.001220635169841907,1.0386465586778548e-05,0.14227736368447244
1010,0.0004216674061062934,5.460198066277412e-06,0.13895913010249147
1011,0.00033054559308183653,5.01555049639189e-06,0.14117254713250105
1012,0.000519345231964497,6.25750417135769e-06,0.13905455605576145
1013,6.089432795971816e-05,2.1587160165606806e-06,0.14805036924777137
1014,0.0007334703800315621,5.868613196294368e-06,0.14176766522567108
1015,0.000597332162230367,6.417498916696683e-06,0.14229911927179986
1016,0.00045840863598249783,8.60026923241011e-06,0.1392791028781331
1017,0.0008210236828672204,7.955513323644438e-06,0.14065611903054515
1018,0.0007623418631936951,7.4466252904751745e-06,0.142642625422536
1019,0.0011325046809780243,1.399422115586492e-05,0.1405702957415534
1020,0.00025350775067879965,1.5729323366960762e-06,0.14320691105100677
1021,0.00039391595718638153,7.198379574507061e-06,0.1393926909006683
1022,0.0008907195714833204,8.64280229932437e-06,0.1443231708091368
1023,0.000255946492134584,5.966060174299293e-06,0.1451485432122636
1024,0.0005955923919520205,3.524277967802768e-06,0.1405318561050887
1025,0.000369459587931064,2.183721671775083e-06,0.13964611594101578
1026,0.0009566969292947061,1.2264934311436025e-05,0.14440702727132226
1027,0.0002536491587934506,1.9712597359487555e-06,0.1423555306768713
1028,0.0004658694117582193,8.33391202278985e-06,0.14085898318719964
1029,0.0008884336509006695,8.35322486854578e-06,0.14214195187910128
1030,0.00017443021356250017,3.5860212128711593e-06,0.14545416893257945
1031,0.0006107160709259298,5.811378144504441e-06,0.14143107612402725
1032,0.0005705079014939861,8.504275387241138e-06,0.1433910447110844
1033,0.0003780885869390202,2.41815682667597e-06,0.14370865282326914
1034,0.0006254960097819062,8.309907317133198e-06,0.14289370688140915
1035,0.0006277920561406574,4.886581697265122e-06,0.1455388351425113
1036,0.00037040801231402244,4.926537854952482e-06,0.1463961131844248
1037,0.000256350905401892,1.2344304917222262e-06,0.14517787684235858
1038,0.00028663710668975595,4.5196057399776705e-06,0.14783658786485634
1039,0.00047373103223857706,7.368839488036164e-06,0.14289948497480937
1040,0.00036588435002928444,3.4963356807912695e-06,0.14621136166858162
1041,0.00016606136733328064,3.4439184026880673e-07,0.14474322590112404
1042,0.0006906907477063666,4.855978613447384e-06,0.14468188991314207
1043,6.36161517315113e-06,3.1845388528356626e-07,0.1439658781768095
1044,0.000439330003765037,5.147429521152004e-06,0.14521520610393876
1045,0.0004993656033527248,6.030606142392765e-06,0.147233887817811
1046,9.478033027392135e-05,3.309305337965921e-06,0.14501827404547235
1047,0.0005878523786074211,4.43369990437076e-06,0.1447075650029793
1048,0.0002787161480392003,5.5347813641195906e-06,0.14481727618928283
1049,0.00043509270989655955,6.270366579849097e-06,0.14141456681939077
1050,0.0005897383133800263,6.6767754080085854e-06,0.1429104563150634
1051,0.0007241892417372636,8.763724034696424e-06,0.14795463408880477
1052,0.00029351134638364224,3.748036523171113e-06,0.145257305946161
1053,0.0009549661113935882,9.414205694638858e-06,0.1444694301450004
1054,0.0007568121135593253,4.951901819438383e-06,0.14093205835329586
1055,0.0005427765446687579,5.571744095351336e-06,0.1416797443100214
1056,0.0006548008905150968,6.292709920822015e-06,0.14056070345972266
1057,0.0009846614352707734,1.1457557943013548e-05,0.1432739042891289
1058,0.00031878518666720625,5.021735765730154e-06,0.1428777145022114
1059,0.0002737275759651322,3.711836492402902e-06,0.14250388795234165
1060,0.00037127034473208157,6.783917679816181e-06,0.13987444405897526
1061,0.0005587221428244638,8.072552704027844e-06,0.14264146551792573
1062,0.0006072070580141741,7.649903424788007e-06,0.13935292179240452
1063,0.0005291367284413999,2.901260389652468e-06,0.14610718814891357
1064,0.0006472825985242523,4.460258997868177e-06,0.14493351979097938
1065,0.0006042745534585553,3.82856361572588e-06,0.14170479961579507
1066,0.0004121099144906538,6.485910009564307e-06,0.14208903314879032
1067,0.00026072876555403325,4.600874234095943e-06,0.1426593540942029
1068,0.0008320372024392952,1.2234496150135982e-05,0.1404197460597605
1069,0.0002941043816829288,4.88579944239669e-06,0.1458631943672572
1070,0.000704568307560854,4.751716081021597e-06,0.13897297360906463
1071,0.0009116503229171924,1.036140116874357e-05,0.1401562252983416
1072,0.0002485985668194338,2.4966612732537077e-06,0.13904292858245018
1073,0.0003421366743091896,5.360146014376749e-06,0.13824877340661343
1074,0.0005943371017011635,4.444445157328619e-06,0.14075329812823326
1075,0.0004770445748317642,4.24583149453296e-06,0.13996761411869907
1076,0.0005054191471571621,3.7187305789622894e-06,0.13751241997096195
1077,0.0004856045417907653,3.5954308800882766e-06,0.14226601322998242
1078,0.0007607921689344445,5.9284714069211135e-06,0.1422454897253264
1079,0.00026443742413043283,4.943371311104769e-06,0.14338688395090782
1080,0.0006418870904991798,1.0073147009951711e-05,0.14050558924130757
1081,0.00066906026014584,6.351819709689191e-06,0.14489930157912367
1082,0.0006752190266725343,1.0066887286935238e-05,0.1421423044102871
1083,0.0007083664061809414,6.877483296129347e-06,0.14484808769342197
1084,0.0004628640459753981,5.058263785725624e-06,0.14366464323007586
1085,0.0003948451528240369,5.769889621952189e-06,0.14062142645723202
1086,0.0005800468830647059,6.963256826489518e-06,0.13856687134242857
1087,0.0003015561105886984,7.63885244557567e-06,0.14518470882755843
1088,0.0005854052226848909,7.794223894049537e-06,0.14171163330600836
1089,0.0005280665660012163,7.109129749056496e-06,0.13883234454815346
1090,0.0006553858488575208,7.305768301396316e-06,0.1380542333064576
1091,0.0004969743946840677,6.899081009802618e-06,0.14109434146390054
1092,0.0006346394994517269,1.0622981017794163e-05,0.14120975697261953
1093,0.0006096331580065161,3.4319442182112003e-06,0.13875624628878175
1094,0.000481230504250071,7.092675980777152e-06,0.14244446110824063
1095,0.0005857027107404372,1.0297674603782202e-05,0.13813857530588014
1096,0.0009901136786412135,7.66732923005298e-06,0.140223860518704
1097,0.000802757833774763,8.746433868201727e-06,0.14474657801478003
1098,0.0006737936032513934,8.830409767198356e-06,0.13850813436588505
1099,0.0003848200880357023,2.6541178159857817e-06,0.1449596371922886
1100,0.0007581202688203035,1.1109831533122715e-05,0.13903039442520904
1101,0.0007723312499251784,5.558197691658237e-06,0.14255933791219186
1102,0.00031008743265042304,4.21034883575662e-06,0.14222267812914402
1103,0.0005411984623645308,7.74490585048359e-06,0.14124026746440088
1104,0.0005044906049595951,6.471866945974573e-06,0.1447287601405909
1105,0.00045157783624549705,4.960023655920013e-06,0.141227149107115
1106,0.00016763652491648816,5.0322605222539115e-06,0.1421135942165823
1107,0.0009476090779797866,8.957883489586224e-06,0.14317726381346224
1108,0.00028863447897622296,3.961130384796434e-06,0.14325365321695452
1109,0.0005217648034717549,3.827592059929675e-06,0.14363461947797462
1110,0.0006940809707695857,4.156627995212028e-06,0.14152082433135396
1111,0.00044630201130867794,4.219080982393501e-06,0.14284884752698787
1112,0.000425362137838051,5.063719343951175e-06,0.14361757687103135
1113,5.4102501425162796e-05,1.8999190983720042e-07,0.1439171880165364
1114,0.00042622054347308494,7.862828975871179e-06,0.1447020406339144
1115,0.00038863947768545096,2.448445785076485e-06,0.14203892075464114
1116,0.0004870877748689198,8.967571624954447e-06,0.14356367684866547
1117,0.0003761053351466184,6.005191939506521e-06,0.14444539451958305
1118,7.612171260837296e-05,1.010633699693179e-06,0.14163118097466634
1119,0.00047494110287660794,6.308211425911868e-06,0.14588977814739082
1120,0.0002812831718974393,3.83003842796843e-06,0.14486912439110286
1121,0.00031298163670521545,3.7162398526117202e-06,0.1423631163871708
