"x1","proba_b_better_a","expected_loss_A","expected_loss_B"
1,0.516912103771504,0.166789526898525,0.190572865698768
2,0.498150951731506,0.149135587509475,0.180329055172443
3,0.502919164381319,0.145226900478657,0.254002645366814
4,0.473022054675767,0.150658691320162,0.22204114797951
5,0.491089456610587,0.155414433587494,0.197814130059239
6,0.51314821727983,0.1590276781827,0.193109009435648
7,0.458154095561889,0.154650310078652,0.203012819972372
8,0.528821914440274,0.176539709454128,0.221819155454812
9,0.48343196811573,0.146062482816145,0.218807082583663
10,0.509109804166137,0.170429742999304,0.208448023483738
11,0.448890842569009,0.139556662910845,0.217683089886444
12,0.488853444013801,0.146261857971602,0.19518212988317
13,0.502732569751564,0.15056777753193,0.249488652614151
14,0.514918370490739,0.153039637798344,0.213415061135984
15,0.468255159364483,0.146319805284209,0.229221660892819
16,0.501139817538542,0.145062619386008,0.203968821479818
17,0.464717015255934,0.138113621068499,0.207790232129068
18,0.514753714203624,0.167112082311587,0.24723613457317
19,0.498378332464721,0.153337522633329,0.209072254385233
20,0.486312009513495,0.139394462535534,0.217723828617439
21,0.504052005727781,0.161913865555982,0.213108520884036
22,0.460028223797286,0.14877732508059,0.214621083725871
23,0.522614019301192,0.155215357837231,0.200177038733228
24,0.538892045468954,0.158584023165348,0.183647339253432
25,0.506444297035346,0.1572781272202,0.228307791261438
26,0.434618563681413,0.133299586085538,0.242068228485348
27,0.483548816873019,0.142379156801645,0.229180826891473
28,0.546029160536832,0.175555001043643,0.21248149881825
29,0.52065839090687,0.160651313964293,0.237637269504517
30,0.488511592650551,0.146658746032714,0.191099499179596
31,0.449688379551118,0.139773793000682,0.209669475142312
32,0.516140644155482,0.161501736705116,0.211636898639476
33,0.468628732025665,0.13611704468885,0.205479118049424
34,0.511163903175083,0.155576841910469,0.234248148204994
35,0.481063879656753,0.147389971869313,0.185981128947534
36,0.51917851015906,0.166196980240839,0.188410928412709
37,0.495876294447999,0.150774208540053,0.204493466165351
38,0.50446774689187,0.144895218308313,0.219573362514937
39,0.498317363144491,0.157225189043097,0.214751331975674
40,0.464367321998608,0.142321619866315,0.20579996631576
41,0.494206592362679,0.145166278180731,0.234293183371925
42,0.493221978940797,0.150541484667452,0.171434856043739
43,0.468567126111422,0.142535176698453,0.223158947245253
44,0.506027317010908,0.164245607102938,0.231013385604448
45,0.474220202227305,0.147257080783677,0.203962327672915
46,0.445644647797898,0.136520881096968,0.217576011806712
47,0.468566083796908,0.147895875488386,0.211357099701685
48,0.496625184901854,0.163368637691336,0.216220116194785
49,0.454139657426026,0.134835842457773,0.226457706487373
50,0.467886468961138,0.152988370965481,0.220043936996358
51,0.488098611729774,0.154273095187422,0.217593050501987
52,0.516231205223585,0.151897892385304,0.200598076766288
53,0.506671042941409,0.164622554532426,0.205975664235042
54,0.515236081876567,0.15707595874029,0.198441268295911
55,0.543332350211182,0.177477859135181,0.215206644231405
56,0.47367259750887,0.151898560927939,0.228241096449151
57,0.463587681854735,0.14735145019687,0.247728804308662
58,0.505324459631021,0.151710033413702,0.237888198491417
59,0.496367961965643,0.159960801912933,0.205356076025043
60,0.47703958368272,0.147906193489857,0.219695120929454
61,0.490899703043838,0.154866307195945,0.201671654781687
62,0.462919058691732,0.141816311974397,0.227367274135764
63,0.509343487900709,0.158668078047288,0.216770334221103
64,0.513444633585623,0.171294265713501,0.204098241489185
65,0.493524936648544,0.142832316089351,0.200042392007923
66,0.48206251868641,0.145495990527204,0.223867975632053
67,0.506524323652801,0.163448891712001,0.209021689558561
68,0.486293459344409,0.150558766440323,0.234375393576822
69,0.497288474951766,0.157459054052049,0.233833731097198
70,0.516319021199938,0.171942166459195,0.209711721997545
71,0.445652019372076,0.14131670459851,0.20416236873918
72,0.524182667839374,0.165749965569063,0.222801444471564
73,0.452888546255883,0.141592464742842,0.220317837105449
74,0.475875393279083,0.152006005238102,0.212377871688932
75,0.513836982079646,0.15295758535478,0.187241981464988
76,0.530855504132801,0.169079251397381,0.19577306043057
77,0.56925562471752,0.169795428748745,0.196485095595364
78,0.486602496314668,0.145834967685681,0.190811321028486
79,0.506606353809704,0.154269265612478,0.216738523154209
80,0.501229491459556,0.156770117009591,0.218234195484021
81,0.503574508425252,0.166182407576005,0.206281714554816
82,0.523046326849387,0.15775618200532,0.212502000133867
83,0.490860772636372,0.14038980386546,0.206616096818367
84,0.533507927059093,0.16957138699315,0.191513819560719
85,0.497548738376878,0.166422210187484,0.225504034006683
86,0.521489088213483,0.143201387528643,0.214506623109571
87,0.424942952040374,0.132773396255075,0.251171661382847
88,0.510205564686903,0.147536642354637,0.211928043222591
89,0.533538365621851,0.165644823994024,0.208678972434296
90,0.492331209820467,0.145613669584155,0.220960290147758
91,0.477173379348758,0.150034108029401,0.221741130757962
92,0.49381729171381,0.151060951044602,0.216525271646464
93,0.478952845193734,0.144820799680565,0.197470499521512
94,0.474636313042296,0.135145129559827,0.221337610948384
95,0.456252013506258,0.137049258103666,0.205792520012218
96,0.477763543720004,0.16031865516414,0.189036793278432
97,0.490099152704898,0.155942960190111,0.207042025110816
98,0.462669424053915,0.155983536133526,0.234685827990718
99,0.512507481385299,0.150480958275109,0.199584734654024
100,0.499451248516679,0.165384626916183,0.196977013610258
101,0.532455142122854,0.182041465662122,0.211185844026416
102,0.504398261544188,0.150939186912585,0.223035341178227
103,0.517677135152817,0.171775912429672,0.211025086841485
104,0.502456098710155,0.165676500207673,0.225453016937605
105,0.529964569161438,0.173518921003655,0.202583842311452
106,0.471522136125385,0.148048152365296,0.194250919742282
107,0.512179571445467,0.160682368135821,0.208379030629018
108,0.48157660204889,0.160298171880997,0.235646816168064
109,0.474421603378263,0.159879007909466,0.198735505035218
110,0.490869044762429,0.151793261579445,0.240265353091855
111,0.556863568212493,0.179671325254452,0.211958832821
112,0.479526362676439,0.147254326977507,0.21705313087901
113,0.542993834565023,0.170949493441854,0.209318649740572
114,0.475205120694442,0.146053169549192,0.207545604433704
115,0.509116247256944,0.159110200536035,0.227463529637012
116,0.458544578418765,0.155603205007035,0.254839637163109
117,0.524410593896896,0.179635813982942,0.230509964762957
118,0.503820223854855,0.152939984452188,0.204113239744341
119,0.544007291237676,0.172958638442133,0.221142395002781
120,0.478227247801011,0.143715044262303,0.213646849699461
121,0.526690864675098,0.140039402412173,0.196081331899686
122,0.458945060999527,0.138342352862047,0.202105139268702
123,0.533009424271832,0.160951083245764,0.189571483530274
124,0.489875324448759,0.148842299824236,0.210614796403557
125,0.533665074417606,0.170030222509388,0.224579244037868
126,0.520980310493594,0.15145549391772,0.196698204234624
127,0.51106111044855,0.148589614944649,0.225420976729164
128,0.509126818368244,0.156532724443002,0.228347518091174
129,0.52895283404679,0.168865116325004,0.217121035341561
130,0.513384175853574,0.163788799378806,0.194575508195842
131,0.530795159590107,0.176870380609738,0.206582680055726
132,0.477368666875253,0.143688200760557,0.216518300083182
133,0.490739426312813,0.136785348362655,0.207124617822129
134,0.470948569024781,0.144766688569639,0.227919542852984
135,0.49156442419506,0.143881970350168,0.214577658063254
136,0.494476986096212,0.147169610128114,0.210005652727788
137,0.518101782660468,0.16737074320134,0.220177617923054
138,0.498024759770939,0.145964636559843,0.218707046698157
139,0.520136401024813,0.153984549148016,0.211462349635256
140,0.513113402219865,0.154810094827377,0.218539843895742
141,0.490145019482771,0.146410800950387,0.215952558354413
142,0.47203833789758,0.144814905607437,0.23411785810774
143,0.522367079120537,0.161248453718296,0.216218142540259
144,0.527778956952332,0.175222109992876,0.218803250928397
145,0.459557502103079,0.144117810785649,0.205147451299951
146,0.535233779474595,0.183005085856168,0.205443732532688
147,0.533515250424843,0.167271464766547,0.21443770745034
148,0.504376199274688,0.16305896144525,0.19666513623746
149,0.482195846367038,0.163421590534821,0.210809389428377
150,0.491761446807545,0.140268478431674,0.204638086796009
151,0.54598032016031,0.163682796784389,0.196763389971756
152,0.512958387655921,0.154871801275552,0.210236934138624
153,0.536455320958391,0.184671843218503,0.196580917377912
154,0.460803944687538,0.147697011187153,0.224227050513332
155,0.501971635065269,0.148764412445072,0.194461245182873
156,0.531294892568974,0.186278655625237,0.21365156567529
157,0.501819196234397,0.164607833230227,0.224797555035958
158,0.522381505629062,0.165403730604587,0.199769238200557
159,0.476588739229811,0.151075972724324,0.222551188650881
160,0.493956609450819,0.161459761940969,0.212245754562528
161,0.520040612814444,0.161294020126062,0.184117457777914
162,0.457068712561601,0.133272109472092,0.216282353949345
163,0.468889841699698,0.166042700153744,0.232945690227813
164,0.444815408656656,0.134056104699591,0.227706431760217
165,0.531356404751089,0.171419010295387,0.19934405603561
166,0.454478307324262,0.133773604341141,0.214934911705484
167,0.49112458979911,0.160584232253636,0.233156017332781
168,0.490707616433984,0.151253374970992,0.218198303976931
169,0.494863740973677,0.154956054615919,0.219805016018727
170,0.471107623369249,0.1412162770647,0.226920031903912
171,0.497895036895017,0.160217972110323,0.219138149249473
172,0.506656404432842,0.157428713587031,0.212096740687172
173,0.543097474726076,0.165005868316551,0.189418267121079
174,0.522273973000379,0.150315954510635,0.204234041288458
175,0.516597248550227,0.16541529465855,0.23337847332851
176,0.505866901375826,0.157972481199094,0.204377815543026
177,0.504394140471279,0.163945443066805,0.195845497066542
178,0.470381891327781,0.156915638969476,0.239206484445207
179,0.50961346363062,0.17373541734957,0.22898251503203
180,0.544231900752332,0.158508323463256,0.19600624518215
181,0.527774921308568,0.163214294131699,0.206352523050635
182,0.5040385790341,0.153005928323918,0.200353634179874
183,0.502609488794607,0.169171698094253,0.207185519964339
184,0.51394353283332,0.159643478817419,0.220968908499657
185,0.514471327919911,0.153084006530574,0.216462559282236
186,0.505759037694304,0.151964432835281,0.207362884646736
187,0.49014441049008,0.154287641390338,0.220718228389646
188,0.481942560991545,0.153941192380003,0.2173758354719
189,0.478788837995347,0.147009611349322,0.239426812230975
190,0.610470208489236,0.182435067912141,0.176634539736934
191,0.505433231469035,0.150489375331802,0.209311070613264
192,0.475118259283287,0.144189960217474,0.223867504417212
193,0.523375100275239,0.16253165564948,0.191923414477236
194,0.484297092659515,0.144275726313804,0.20614247422018
195,0.514615012408868,0.148500656116124,0.190285120743973
196,0.501597095615452,0.158794197239132,0.251690617168953
197,0.552462634841591,0.173663232405345,0.197796124414599
198,0.523714009664415,0.157507723885487,0.215060574627683
199,0.50474050969082,0.166928492274646,0.209182371668074
200,0.503206387566496,0.164336715499127,0.225562238661537
201,0.508946622146901,0.155279329067411,0.199808041310609
202,0.480460790554649,0.145599471559529,0.213449912166003
203,0.531104780201348,0.184017264983786,0.193591631346514
204,0.511446904607203,0.154825410811171,0.181121347036908
205,0.567425374376314,0.189567854550704,0.172010125082228
206,0.484474956276337,0.149651963307637,0.245335370648982
207,0.512040842913814,0.16502114671079,0.229598002908152
208,0.513135737052132,0.171748117373912,0.188977452718775
209,0.507475063754462,0.156307679422778,0.212161403904488
210,0.511665718561035,0.170900588079292,0.19544358016275
211,0.463994272380149,0.153456229667078,0.208930375178959
212,0.529695975703119,0.171476437404687,0.224971998449147
213,0.492398644043969,0.146676841692166,0.228250638887142
214,0.474184207875629,0.156979124894677,0.190534485004347
215,0.50826772443025,0.151736486240914,0.201524574748855
216,0.544214438562702,0.169411537687293,0.203117492620741
217,0.499764116012363,0.155909716319633,0.198688896293329
218,0.53958396774755,0.168814673108119,0.162516990685791
219,0.466157087700958,0.135843391289997,0.221164377924346
220,0.523452404586205,0.167720723697666,0.201663352631194
221,0.479449151954132,0.154448326939982,0.226077780582794
222,0.456930085692251,0.141786653317263,0.214194292258035
223,0.511220151893912,0.151353223877924,0.20837188345438
224,0.463294509387859,0.141507984779251,0.192519480302654
225,0.515897893354272,0.162522315547386,0.218474890991605
226,0.43446847629448,0.132052650464514,0.213165357479586
227,0.503851200233262,0.155138433499455,0.209918584712763
228,0.489724878213326,0.145553737596041,0.223619527736974
229,0.534390549904325,0.164806364232459,0.220006892969198
230,0.478572051319062,0.158655835756961,0.211248693447983
231,0.489365696665497,0.175546129626245,0.223864769529922
232,0.472924932950327,0.138062438888906,0.222056993964429
233,0.488156240723263,0.164299912184589,0.219282808716393
234,0.486008153233563,0.160710937139232,0.2076949453348
235,0.513263703516466,0.161853777431515,0.211036344152819
236,0.482866214524827,0.1662792340012,0.187134895353748
237,0.4841907951684,0.152309986550785,0.224776618040893
238,0.466881892289605,0.156856400171852,0.244448351194102
239,0.489404788699208,0.147067996787497,0.23516185120974
240,0.50679105981979,0.14605000496244,0.221855186074788
241,0.465313782257637,0.134884758192692,0.213209516671436
242,0.480982047935445,0.139318533681029,0.228351045838103
243,0.51274149703311,0.164645562632031,0.19151080041579
244,0.507265138681908,0.164862237401169,0.223502816158561
245,0.522547239327182,0.147535765360794,0.215966238787613
246,0.468782439837956,0.13876925134615,0.217436228989507
247,0.529816167293882,0.166574104705526,0.233493178433689
248,0.5597254576419,0.189961146057628,0.185465297696374
249,0.46117274955261,0.162132544501597,0.212004448282568
250,0.539108097342437,0.173086838934898,0.202865676995246
251,0.479473929958807,0.154310654926609,0.245356047336579
252,0.486550589355525,0.144915634952087,0.214343360669267
253,0.50633363231192,0.172021378190133,0.19479671706662
254,0.422525388623753,0.141633075780024,0.207853387805756
255,0.469037692574764,0.148376425200239,0.212985448504542
256,0.491588488293423,0.151500657139527,0.184757796314443
257,0.500996633125155,0.163941878752869,0.21927257644829
258,0.57744332280682,0.186060742895695,0.208934233141142
259,0.493352987593138,0.153547211355163,0.209686896781262
260,0.495723280595361,0.158035786256966,0.196466003368832
261,0.449100853770749,0.147945352226719,0.210511274278347
262,0.515953509244366,0.166078564938419,0.189711412406507
263,0.497414509697628,0.155271086532986,0.234348980886688
264,0.545626510534162,0.152025484750178,0.207119298016951
265,0.503301750198646,0.153566341918635,0.217103489271765
266,0.574007056267785,0.18935201062301,0.187255591885807
267,0.496165403667741,0.162166198283101,0.216065891272705
268,0.529273107240574,0.169851692740646,0.212806403307708
269,0.502000219777043,0.150455998823288,0.224845541549698
270,0.483045124274558,0.150307802884749,0.208103854998567
271,0.477126181000957,0.155062006053947,0.252571551573784
272,0.477093034269871,0.156186311435474,0.212312970559495
273,0.507080647392153,0.162282613744188,0.21319304947294
274,0.512017093670245,0.145585227150174,0.182596878277806
275,0.510336423242242,0.15445754723774,0.221008355950692
276,0.475812753842304,0.149241603222825,0.223827705879108
277,0.454458865887869,0.133546163670171,0.194497012476944
278,0.509218653141022,0.146747017378662,0.17501645344388
279,0.457301369358504,0.143498170371054,0.205378496134329
280,0.498809395030215,0.149080432424224,0.201168505367334
281,0.530557094573122,0.178216665693355,0.201324276129353
282,0.523125753814633,0.170615439676517,0.198178571598945
283,0.501040549629987,0.152400509751206,0.234510833705863
284,0.510856894331731,0.165890208565258,0.199618293252099
285,0.497482016913289,0.165057393381707,0.211922317712889
286,0.503136173956228,0.164101184120984,0.230883725611038
287,0.564237131478144,0.160817684792904,0.195257476797302
288,0.502197022299598,0.148647686200828,0.215313516789103
289,0.46803833282514,0.141231683227344,0.207113746819867
290,0.541476551494588,0.175985553793426,0.203899432956661
291,0.480371791810779,0.14999640810099,0.19474367261659
292,0.470933375494598,0.12869899607016,0.226790377660728
293,0.476184904665818,0.159379077365092,0.219393210946557
294,0.497669985409859,0.160401706908425,0.220085061743713
295,0.471737002793046,0.154391940797446,0.210416926302209
296,0.49215414319628,0.158371133959683,0.203580775122723
297,0.525456498008568,0.165403039377256,0.183589514424074
298,0.474021585717727,0.157619108651543,0.188903701835431
299,0.530587308251626,0.164911829868825,0.199792157184697
300,0.461175165755647,0.145712330447243,0.207158135970988
301,0.504150350750849,0.152273109218677,0.22180138140014
302,0.528912032599456,0.180681645929085,0.205190869460743
303,0.487191323220126,0.144570976262837,0.196706994165765
304,0.510904686114709,0.142201154478169,0.205752571986082
305,0.495741528890042,0.159117007412409,0.219465377228902
306,0.499781025874035,0.161634099246004,0.201677567967175
307,0.564621008291928,0.178353004756495,0.204331693629744
308,0.463735243000378,0.138271532004316,0.214400904045769
309,0.453921078461456,0.1485787530215,0.239540341843718
310,0.501961945843173,0.138710985474366,0.221009227985379
311,0.506605178875454,0.14832513640356,0.21530979113102
312,0.477083472522794,0.153327013432587,0.201406302160586
313,0.532275573828161,0.161377821638287,0.230356505020419
314,0.461226421388502,0.143509768281153,0.246583944692103
315,0.525023195500791,0.16711126504004,0.202145603437369
316,0.52827001718646,0.153161258914593,0.204356531303606
317,0.552187664731745,0.175325235900417,0.204326626458842
318,0.479779112021775,0.167549531200648,0.214658670251614
319,0.521227005550794,0.159063933540034,0.203044146356656
320,0.474344949214657,0.151852289584847,0.203313797149475
321,0.543322802661971,0.191635154870765,0.20664876754535
322,0.533002582348257,0.165211873412548,0.200141573501034
323,0.498140524323512,0.155427885163135,0.202942939564681
324,0.507356231435567,0.148274855157902,0.219976517367133
325,0.523683883747781,0.156903072296112,0.193047724279412
326,0.480264500550612,0.163014288626325,0.224126190282722
327,0.513350606732923,0.164391325553542,0.226913422370283
328,0.506812436758917,0.161145486776966,0.2048721433044
329,0.500933698030639,0.143067991618201,0.187532352113158
330,0.507368655812725,0.170705127456359,0.204098678198125
331,0.486171451018162,0.147203374634504,0.198179342864737
332,0.46832575404384,0.148877692882955,0.20178394476579
333,0.51404126343765,0.166881580525209,0.224901981409167
334,0.50013452972282,0.180549402978684,0.235951245476998
335,0.453195434450173,0.141933714269229,0.202756516989466
336,0.494286384201738,0.161061260245199,0.198274185198688
337,0.565517161835236,0.185540713657117,0.20302889974482
338,0.55915284596396,0.184209679389184,0.199319528625223
339,0.549506414890829,0.167246934620353,0.204643726842988
340,0.541364045360365,0.167492349315884,0.194187041805671
341,0.5296223622121,0.163404696465108,0.222000259364686
342,0.557954504869985,0.167430770634932,0.222964674523665
343,0.508887597698877,0.178377484057162,0.207248229023266
344,0.510619675503441,0.158846115489859,0.21618434263548
345,0.528514273418932,0.165570890717462,0.204145128980205
346,0.498744519987815,0.153421683869972,0.201802708517797
347,0.515973498213132,0.158561080958168,0.222759562674047
348,0.483697785348977,0.146611980418166,0.217808590587981
349,0.515964113876957,0.16484991192565,0.226241254847844
350,0.470113618597031,0.141713931081806,0.238888938101976
351,0.512285025668058,0.172731314999451,0.212002419275255
352,0.530119225680014,0.167952078351766,0.216074404115483
353,0.479092345466552,0.136631541164422,0.239017845882756
354,0.508352308659602,0.150455036868455,0.193767113690184
355,0.544130758038729,0.173693884203783,0.190101474604089
356,0.490774128359364,0.15693464463741,0.17968844152041
357,0.503989076504718,0.17005470512985,0.262461291552129
358,0.496346679278922,0.154451805523574,0.19786069537418
359,0.488753463174111,0.157619875944513,0.218131955419512
360,0.490513509970297,0.157107293529965,0.208802407104182
361,0.461157008924844,0.138787929757449,0.220544889394469
362,0.526325214777779,0.159059387998725,0.193151771468426
363,0.501215314936359,0.164054950372975,0.223708843170902
364,0.542235554006896,0.18053735950631,0.214852217757407
365,0.484138864905636,0.165473576866238,0.238800679070681
366,0.521058611170491,0.178690728172826,0.196318830065485
367,0.509898535767202,0.157206124607708,0.198107504124482
368,0.523558484186338,0.166341008892724,0.198999051526168
369,0.485146364591572,0.154992695735014,0.19774259829041
370,0.470563218593219,0.130798594807793,0.198629399357103
371,0.482407319488905,0.149950990634417,0.216687128396515
372,0.503888406296707,0.155284149423455,0.214665751870795
373,0.515192013104348,0.179684539729901,0.197182096703548
374,0.47895954623718,0.154140438450912,0.230814757263041
375,0.482939742460198,0.152204454405501,0.23619581516726
376,0.541055777689023,0.173481052475199,0.203897278038574
377,0.518209371901036,0.148296906495759,0.188613240016867
378,0.54675482456249,0.189520760959554,0.208006755811816
379,0.480892837730977,0.140930817754941,0.221497124592389
380,0.524532769539478,0.162931923602342,0.178157362171511
381,0.507946117474394,0.152631239126753,0.227661605826379
382,0.537028801314556,0.158792821329577,0.212977787043828
383,0.48762890226732,0.146709346763806,0.218196644670227
384,0.559199854385198,0.171504660201331,0.214912132146231
385,0.515850937679359,0.15822457919428,0.21178993484636
386,0.500793780557818,0.154606447939282,0.224127848215196
387,0.51892976395071,0.17262652938991,0.21132001431151
388,0.49435273333375,0.14709327483087,0.217277506841723
389,0.475748531697471,0.149930377310418,0.218818836409794
390,0.514816912423515,0.165935510555891,0.21896949966853
391,0.458457347835875,0.139964082965529,0.204937229821125
392,0.49052022159937,0.14525900570626,0.201253937756785
393,0.483203502814912,0.151344589165419,0.209892216605079
394,0.50403429337271,0.162393034745724,0.210269813112191
395,0.527233518129583,0.157430250327655,0.213839569047501
396,0.529484685173521,0.182017043792601,0.199575923117472
397,0.46984190764099,0.130883539552879,0.227686020416739
398,0.476201118657031,0.149594793443697,0.207628022101346
399,0.55626681644713,0.1745465708601,0.204225239613482
400,0.491487038768539,0.149798968336367,0.232099405854499
401,0.470845462490479,0.152393808145764,0.208629670846361
402,0.476342748911237,0.150161776570557,0.211627220133498
403,0.492650628899336,0.148389327497147,0.200212202315453
404,0.476159901297407,0.155508145543643,0.191268825647955
405,0.507992984877039,0.159451081512842,0.219524307504926
406,0.527808692299913,0.158015682922165,0.199100841889123
407,0.474301478990075,0.175948934874901,0.21699265257864
408,0.537787048804166,0.171034690064921,0.207610567095652
409,0.466287819927242,0.141024371477944,0.201439902180682
410,0.481120641497504,0.147306767274709,0.212429961213584
411,0.466074503899292,0.147100915536397,0.225550621401375
412,0.504692373775634,0.165971524199267,0.213227506512882
413,0.47481948269284,0.15839561680729,0.241970786721407
414,0.523125305076932,0.1669018591691,0.234638531703132
415,0.475317137890138,0.155575729296189,0.227992488516115
416,0.530622823537873,0.170593904772634,0.200028281160904
417,0.557148957045639,0.176721936352009,0.204483205285833
418,0.49618498556311,0.153098610299975,0.219696917081388
419,0.514729280563194,0.156862299228122,0.203484841955789
420,0.512930607313503,0.145193040920285,0.210395290213483
421,0.481335759804589,0.142298228398237,0.233690589224302
422,0.523222274147549,0.161874883584357,0.229897821588481
423,0.51696364435874,0.167904425788642,0.216389118782708
424,0.57117495369853,0.188364321487787,0.218756127671419
425,0.545908228496263,0.192190098389509,0.205427334990162
426,0.556850562806767,0.16945207108502,0.208100524251887
427,0.49859126746493,0.146950833670709,0.221882662698442
428,0.507024995338794,0.146505872473373,0.215921974355131
429,0.45639152357037,0.135891534041535,0.197146348069532
430,0.478249204866315,0.151856909227726,0.206766708672077
431,0.489733861500391,0.15928960044983,0.215465884851743
432,0.499108038300836,0.153661176175845,0.198568624863822
433,0.519743902771668,0.159436428686834,0.190567516073471
434,0.492531357803103,0.138030392917727,0.2115676573924
435,0.505202248160346,0.159239131034753,0.22301862528543
436,0.529733401714374,0.173514420939182,0.240653013902363
437,0.461448647943784,0.147687617227398,0.220092079173458
438,0.497644543251263,0.141235224883052,0.227661764480003
439,0.517472812189635,0.171414255007359,0.199766050998849
440,0.45816728823285,0.141243883307861,0.228186037365953
441,0.515827421296726,0.162994750626305,0.215484249368986
442,0.51953538693845,0.165057496414546,0.183326548814954
443,0.541009750400265,0.17202063349486,0.224855460300539
444,0.521511572506985,0.148501775753308,0.192082454692834
445,0.446280566063763,0.144038262062143,0.235444152930518
446,0.455389493410829,0.13596064550294,0.213467582318633
447,0.546383361957114,0.168466052423742,0.210892283918684
448,0.476448313894154,0.150754912493732,0.21493134073032
449,0.476718139942987,0.149446152118815,0.207506505176891
450,0.49124860947837,0.153297301831687,0.239615534977743
451,0.559469752933482,0.186501247635415,0.240137851044315
452,0.513743395897503,0.159628958178984,0.209736410489605
453,0.52243086662555,0.150835020947174,0.187195915342528
454,0.514001778771472,0.154601286175143,0.200803407323867
455,0.51269412626331,0.164744589193345,0.200818637185693
456,0.499214919367842,0.149056481764641,0.207829069638457
457,0.563641305304414,0.166442612185785,0.217815244969152
458,0.514058467547959,0.165102492207453,0.188437126140339
459,0.535105912502482,0.173618818978003,0.20986804719658
460,0.487845381341183,0.15548054013357,0.205966382731575
461,0.537288859127051,0.17431332000401,0.211137820795748
462,0.521764332281368,0.172068144751523,0.218676046511445
463,0.538471531109379,0.175485702837136,0.223402238754644
464,0.522667240016167,0.164403951601207,0.194527783326572
465,0.54980048081565,0.170071256151981,0.20351097193244
466,0.495874390186144,0.163216107487458,0.239281199746538
467,0.537152688591972,0.16622627810649,0.207438512743686
468,0.48768485770391,0.149209092489111,0.210947166641698
469,0.462478596355331,0.149629048525017,0.208555731644169
470,0.510802893939738,0.155793466444326,0.208234590002925
471,0.524187074297048,0.176141508214749,0.200377681730616
472,0.512057945356319,0.155919053522181,0.200927098724596
473,0.487449353935554,0.161534425637277,0.212249023230517
474,0.493904513752221,0.152980540110221,0.212207382216284
475,0.454475853107174,0.152350572882295,0.206775423498609
476,0.522615689103382,0.160588073424451,0.235076982267552
477,0.518272570554687,0.159175334244579,0.202244526368392
478,0.523862840465448,0.169877435452447,0.169574990146368
479,0.51239904863614,0.166295681729887,0.192394340088408
480,0.513522973166532,0.161867430159225,0.200842708021895
481,0.467478990316333,0.151514193475572,0.225362008668673
482,0.518374610480355,0.16158343145599,0.236089848041593
483,0.520167096087438,0.164717070203278,0.209353286030773
484,0.493719204071943,0.161651759033295,0.18956787778531
485,0.452180170801742,0.143643851477851,0.190656082088175
486,0.518196322337211,0.167309398566092,0.205140259269453
487,0.525730781313162,0.16205372498605,0.211190575575611
488,0.494302704174754,0.161924820375855,0.227291279947714
489,0.493224638449843,0.176875941824101,0.194746528598875
490,0.493037778488195,0.159516238949075,0.220212296315117
491,0.512767810486239,0.148353174248181,0.216298414789489
492,0.496713533695185,0.152727073719145,0.237439411845494
493,0.497772577857331,0.153672875623652,0.216520070274652
494,0.526041453032623,0.165910313734821,0.218418284890389
495,0.487986735305305,0.15508529157844,0.228188378978067
496,0.548469541624551,0.154454524238542,0.204196275675251
497,0.486887118441275,0.158176259191948,0.228962169026622
498,0.496366352525486,0.142009287359927,0.192143103462414
499,0.471197853475775,0.147380956891635,0.210874770331756
500,0.488656582193705,0.161131821284966,0.211018052054899
501,0.505824198451933,0.156157904436693,0.217405309542053
502,0.508268682047021,0.162822963382176,0.235816677835777
503,0.47273132300834,0.145182405951377,0.216012459634979
504,0.507779079004719,0.163138619427737,0.213327951934518
505,0.499431266459531,0.158484328097132,0.208534465413394
506,0.48519843513012,0.142913676899478,0.220487906753644
507,0.469986793155516,0.14402878268715,0.207741205371109
508,0.508448558693167,0.173128213468829,0.184649871947616
509,0.529498201850262,0.183698761844448,0.229403885746939
510,0.458705283585224,0.141885808848304,0.243158486111461
511,0.534668164006467,0.157704261512223,0.223330227899782
512,0.478207996305647,0.149079340205328,0.210040594158289
513,0.550121125662935,0.169605805180588,0.207509907286138
514,0.489880292820246,0.148616888411586,0.206648508504166
515,0.500463643874907,0.170270230438944,0.208788614824797
516,0.467592748756782,0.140180025830226,0.212329507551348
517,0.545299700743695,0.169856737620172,0.196677885758863
518,0.491785135652509,0.150132960958636,0.208143842248949
519,0.48992842357695,0.147400531420114,0.199991013727558
520,0.502578683370324,0.153506987081212,0.224387929489962
521,0.536157952119431,0.180745210520135,0.185458989487165
522,0.491839359576596,0.15426145794411,0.208130732674501
523,0.52534494723727,0.162542679498668,0.220919540070847
524,0.487236270566063,0.144471668245024,0.210839260345828
525,0.464049200285504,0.158179473128015,0.214970450654109
526,0.433000716073518,0.127118131728962,0.218771633632638
527,0.483825352333624,0.144089894096423,0.210144602261728
528,0.527757546315088,0.169840953844714,0.208012906685493
529,0.521565670194166,0.158519355817467,0.207022313227771
530,0.480473690761049,0.131015476380745,0.230759698788086
531,0.476761545291935,0.160233579323659,0.208511130088885
532,0.519559290453831,0.14412411585387,0.198021359715388
533,0.505888012634087,0.145720771170777,0.197565465735071
534,0.479970563786086,0.15692117725454,0.231118902025531
535,0.518446314212902,0.164354549751814,0.212438623274424
536,0.491927766279965,0.162009686581041,0.18819700769301
537,0.477499967885564,0.165212764934186,0.200470624520196
538,0.497533929199613,0.153316852279805,0.207397870283742
539,0.488937195312873,0.159664512664608,0.203176881840963
540,0.507791994997667,0.156571617340339,0.197009741360839
541,0.476708647021802,0.151032279073813,0.18805488602184
542,0.528546131344146,0.170760927540751,0.234939700832055
543,0.464510655865829,0.145673189901119,0.238048848563293
544,0.520496132166754,0.153915712179948,0.213643412462962
545,0.517761506472887,0.171159798923554,0.220611410164624
546,0.51456201999403,0.158232488678235,0.211504737178687
547,0.507057091721538,0.158529483281599,0.222487838336699
548,0.504217925606927,0.148831379643947,0.238773858239261
549,0.503716992381655,0.159760352752705,0.209675012968052
550,0.487547225310624,0.148312455186341,0.236183676990717
551,0.5089423122585,0.173910513364864,0.20530277179958
552,0.495342155650024,0.155447890854745,0.214205260683717
553,0.464907221517765,0.134359235522343,0.197754450610455
554,0.485354654109272,0.158974694922661,0.238321881893626
555,0.537087812907698,0.160143987349237,0.212668133838199
556,0.482879308481433,0.148741274906399,0.224875083791009
557,0.507382320715629,0.151461255078728,0.190526811442902
558,0.46747445128075,0.144154986804535,0.211507629332745
559,0.497497899923679,0.15100906195291,0.227325665570033
560,0.503095318544138,0.159063091842533,0.195974596261635
561,0.537037976542538,0.183617613490326,0.175259578969078
562,0.522732111498112,0.158110118688492,0.22530168129223
563,0.515926791525074,0.145047246060536,0.211022768163924
564,0.469551289940014,0.143148979580656,0.209087932106857
565,0.476776986236717,0.149516938263813,0.213992104236678
566,0.488121165171775,0.15898791932313,0.190036741032344
567,0.490666255713322,0.147907747487937,0.205186479931735
568,0.51513298071773,0.170290355873292,0.224862665675287
569,0.480188868668841,0.146213179002609,0.219167415679397
570,0.532071681498824,0.155018123352645,0.220378973124409
571,0.478772041352436,0.143795807146554,0.191284958720125
572,0.442050562740743,0.131221107123862,0.216097628488092
573,0.484745544040402,0.147361774825835,0.215202185110439
574,0.522480980919247,0.155145698609656,0.218705740752373
575,0.510758201699197,0.143784178000526,0.209552495946029
576,0.503092300710043,0.163392375047555,0.190895294378015
577,0.525461763387791,0.159218428500522,0.206559525599722
578,0.512402009146468,0.153800144562079,0.205893814078165
579,0.5367848652412,0.16291146351168,0.204076313924525
580,0.533096234956451,0.155333891773433,0.195542255392194
581,0.518388058636493,0.155129348922438,0.176181523653733
582,0.491671240991361,0.144759936500777,0.215963832372687
583,0.523534695829417,0.162572254770625,0.19809858243195
584,0.486784184201364,0.155512900431401,0.223326324744493
585,0.5093008838104,0.16143508711882,0.2233359502407
586,0.48817415697244,0.145284695994912,0.213957273072056
587,0.471434844766493,0.14724278595042,0.215497969437717
588,0.531609378138852,0.171613999926763,0.198312749828161
589,0.464169313593523,0.142188194185918,0.218357304795219
590,0.513881608208929,0.164066866060309,0.211418908963796
591,0.482347262644,0.152288218412405,0.190962824452012
592,0.478399318812614,0.156625484634023,0.202604697167069
593,0.4867299581582,0.159514247559436,0.212581376521162
594,0.480928761076141,0.154420639149568,0.225510413051675
595,0.534683560193462,0.168001452442948,0.182956181574492
596,0.485384863362266,0.154796072862216,0.222036273096841
597,0.502093550697688,0.158175214516224,0.222223910021523
598,0.499974958795866,0.151777210851312,0.225294464106031
599,0.46849734637167,0.13852379929149,0.208563606055415
600,0.465625073523077,0.138200011564647,0.187860956299132
601,0.532874879031335,0.154156445709827,0.209599134408715
602,0.488254931313389,0.150402838271358,0.238854904677996
603,0.526408858604636,0.171414581495793,0.206380705179431
604,0.512052651539738,0.159402645732747,0.192138939247679
605,0.537957531486512,0.169652150388152,0.210565415517693
606,0.475679592674911,0.149287851546891,0.212811160299887
607,0.532120045295157,0.167329187679624,0.193940728872212
608,0.498281025476243,0.153056803515095,0.207350699868617
609,0.47242494814279,0.140070476731214,0.194686914223411
610,0.496939430604783,0.158893493861983,0.212652917010062
611,0.469720637703504,0.1346581334402,0.24102956620424
612,0.529815010973823,0.138262755272809,0.212208461768486
613,0.471275346809302,0.144896238363291,0.265753547183216
614,0.457641979923102,0.143554722177652,0.189093561814728
615,0.500213837897951,0.149497585476599,0.213261914812695
616,0.480116000602191,0.145153907717981,0.219264672636143
617,0.49793771728211,0.168994605426133,0.215215224525731
618,0.519492858461608,0.162014383904798,0.191623218535428
619,0.489339592321719,0.157164135894746,0.209715368428886
620,0.503631961338949,0.163369156253717,0.261462541774202
621,0.534654420915363,0.160019926786632,0.241377281005594
622,0.516394785170934,0.172594687683624,0.21498090323084
623,0.49912786816264,0.146641739700522,0.20980137670903
624,0.493755545678762,0.142959676742463,0.209199258510612
625,0.506305931566853,0.155995508728088,0.215574743941242
626,0.486054894235675,0.140933571206002,0.216604857548078
627,0.551350115241568,0.181146106051157,0.206864037699517
628,0.464411786902059,0.144599695187612,0.209768229189245
629,0.53326209773231,0.166282141784093,0.212814847781666
630,0.4641020266983,0.157593108985213,0.187141639385033
631,0.535440116593934,0.163732142053579,0.225128153464076
632,0.51774811568039,0.159698530164592,0.212219614923813
633,0.566075565805105,0.176603241249341,0.218055779638115
634,0.509320922761352,0.17768430058195,0.194522259008975
635,0.516836297015469,0.165938634323362,0.202139373449192
636,0.473014792586714,0.162622682223182,0.2244727317139
637,0.500214527380622,0.167208631752096,0.210515072754072
638,0.48581242283677,0.142113881993902,0.230193023415377
639,0.467081716380157,0.132056491564832,0.218498645513831
640,0.496734366780656,0.142198929816762,0.203119834508558
641,0.481983013445241,0.150373531716571,0.247210509687491
642,0.484448512390345,0.155319221608714,0.199464961509072
643,0.456599515782427,0.145092190487154,0.210507616732948
644,0.547928089434621,0.163945846776568,0.210680163951901
645,0.502300274853416,0.159902389872905,0.188334892490238
646,0.500589390017249,0.163327230154809,0.193953251614493
647,0.534698913823175,0.161439400598879,0.216422206072298
648,0.512012058696082,0.173119327848849,0.224911839619545
649,0.521075200434457,0.164302437925674,0.218546866985006
650,0.54113724180466,0.169184555898281,0.205204459221294
651,0.472122246252803,0.149118728510505,0.197309415887434
652,0.4762104748262,0.143046103142819,0.197171189617591
653,0.558006007330567,0.174998497451596,0.201967786972619
654,0.487849053494068,0.154366048983608,0.210504143742294
655,0.491839874171408,0.161438050884099,0.215071469768587
656,0.520163921442905,0.152587037188232,0.193737475124491
657,0.482672596241629,0.149312649983777,0.208884372686212
658,0.518022186440241,0.158287807734645,0.214575733729646
659,0.485266904484637,0.137903720050309,0.207891172273708
660,0.514734002651271,0.151380737775225,0.200942423818589
661,0.47313706100931,0.153400753248743,0.231985816162715
662,0.484243310922754,0.141488523633352,0.205193978187983
663,0.480222826527356,0.141747076466106,0.187524110709751
664,0.482707928415178,0.140830144662774,0.207681616668037
665,0.537889809449052,0.147988880841395,0.235743351541277
666,0.523404446672233,0.161039600352235,0.220883039198554
667,0.545795158406601,0.182553934074019,0.176526232343197
668,0.518762844565246,0.142455091755078,0.204452292720737
669,0.484938895439663,0.154472514235209,0.225420452756095
670,0.556215001817676,0.16340296069171,0.18628525111447
671,0.500378782465193,0.172734574608409,0.20560550045775
672,0.529903536815039,0.157354257037257,0.177519522821395
673,0.517017088772376,0.164411938643153,0.209911130174792
674,0.497518437956647,0.155334805883627,0.187303110131271
675,0.489754048174824,0.1426701673194,0.223940399934976
676,0.507650977233547,0.148130079636754,0.218195405653934
677,0.47928133906686,0.144978682223396,0.187714186988552
678,0.498315315593969,0.160828791286835,0.233568630934107
679,0.524572342905735,0.158642208980574,0.221977874376206
680,0.488468895893295,0.137327105398498,0.222245288365957
681,0.507222863498187,0.155524469898645,0.190937702170414
682,0.464278327466165,0.14813330491619,0.207251829675343
683,0.507933905773298,0.148272082471942,0.217915839435222
684,0.476859202871156,0.155649080958054,0.2030446190186
685,0.461743206258167,0.147310807064851,0.217526643320029
686,0.490493018448045,0.149317150484619,0.193506222235257
687,0.555040654323077,0.162242868156558,0.2093705094095
688,0.455399935695654,0.142750905716757,0.239310356291598
689,0.499980772370877,0.169143224832982,0.23818416175198
690,0.466137972520874,0.131491522580388,0.204268400376307
691,0.504610294397744,0.150145475961134,0.206725764644855
692,0.512558753389323,0.147968551730536,0.249730461517205
693,0.512012305598105,0.160120907954518,0.229076471487312
694,0.532799982372811,0.166004273145131,0.217540939511122
695,0.504450625968872,0.162797923218811,0.196716242885527
696,0.480276843662291,0.131682084522941,0.219451105740973
697,0.483820675322769,0.148789344259368,0.23681503357801
698,0.493461190806669,0.165049762364725,0.21408658106627
699,0.492639140256097,0.143878168245187,0.216920984935905
700,0.525747030024191,0.176582997708739,0.224555854146368
701,0.503390416937273,0.156092242999619,0.241129744431546
702,0.514478263627528,0.171539879312422,0.212135253201266
703,0.514407546783993,0.167585270811567,0.217959992512002
704,0.528204108149277,0.1605808178584,0.204372036304077
705,0.482186669825222,0.144360958392029,0.183306263251184
706,0.459603678466201,0.142703326314231,0.233133313843959
707,0.496089166408716,0.153458452948093,0.208029579695847
708,0.473611587050811,0.155413335185717,0.207299051863012
709,0.528601581918956,0.160135694644448,0.218637513436447
710,0.433335745591684,0.12683448662612,0.222437395501017
711,0.537054521545563,0.165170019451055,0.189217461085806
712,0.484654917385299,0.154716817199584,0.225952605879768
713,0.456380944347659,0.130575610969734,0.215124959450609
714,0.48372771310525,0.146555892215524,0.214741625048034
715,0.492246997833871,0.158961907993498,0.220222971163239
716,0.462115208228159,0.135485089279681,0.206579134979374
717,0.533410354893895,0.165613027623617,0.19987266961455
718,0.477211060220481,0.137813111317283,0.217019277826599
719,0.467832934711799,0.147362147211591,0.206502996797333
720,0.51731400798628,0.158415231385854,0.221349872302009
721,0.444467898961477,0.131679214372207,0.206669465918238
722,0.507030099598187,0.169005931945398,0.198036459278635
723,0.550988265395683,0.167322849982326,0.208061026767033
724,0.525833981943693,0.1602020208232,0.204893255979573
725,0.466763987689892,0.141653939325092,0.205269274136432
726,0.520924863372478,0.186123616806573,0.196896574168817
727,0.490171563904108,0.149565239319704,0.222957072361579
728,0.462770214455441,0.146965353304804,0.206658103347583
729,0.510570871500648,0.164320723551314,0.209963522403867
730,0.502906582550298,0.161140356812733,0.203745201788192
731,0.499975471309437,0.151180509727102,0.194548139870622
732,0.523728512883278,0.176140727308974,0.192118744899383
733,0.466127499243004,0.138085671407917,0.20780316928699
734,0.527882118509311,0.16891963460778,0.214236056424616
735,0.47397352833427,0.133507161584189,0.222068939648038
736,0.451044813525394,0.125128863888646,0.232142337764131
737,0.489085311200859,0.13641949158625,0.183077772852934
738,0.477984466151314,0.145113697292815,0.226705857111485
739,0.55456821856647,0.173585191059328,0.233017061736033
740,0.508656621348705,0.164554638801669,0.191427004122949
741,0.522101873226995,0.159361659537594,0.213878480004611
742,0.491007923688406,0.1554168806201,0.213258718390836
743,0.48824923940133,0.140008466144763,0.210165126579433
744,0.492775749873476,0.157343339542494,0.219859230209045
745,0.461867593527587,0.139842797286643,0.190506331231629
746,0.472480095664717,0.143187674068704,0.207405183643906
747,0.476027725052957,0.156720133440367,0.230637011458777
748,0.488647272983063,0.155581911058734,0.243795393205209
749,0.443795821781081,0.143080643083262,0.232617248331903
750,0.559517943728133,0.177717008977137,0.213836710560057
751,0.475443661724351,0.149987869091317,0.191260824810367
752,0.506498045174436,0.158671489029018,0.216868724270316
753,0.486949086595153,0.146206749130207,0.250060901199641
754,0.515366560488382,0.1619360918017,0.220949866102557
755,0.487864201149202,0.149631409727248,0.222961351089791
756,0.472203012967804,0.149214561460979,0.195230915553222
757,0.482200918582279,0.14727736585437,0.213623486627851
758,0.479108532844985,0.149381670508472,0.214243260683206
759,0.496749649209013,0.172034126024429,0.22993861066322
760,0.570550951654463,0.159338965840307,0.212798643564869
761,0.552336798635939,0.178473771933857,0.210471911423603
762,0.508888316053807,0.179757610641573,0.213035709714421
763,0.54852046143802,0.169856017860732,0.204770679788274
764,0.507301201849127,0.150999565286019,0.214644461898958
765,0.463108107218833,0.146859260813652,0.242870702427345
766,0.534534113081528,0.163885264981851,0.224473231575812
767,0.5474703352319,0.155992402675745,0.198952433584864
768,0.51594156969669,0.1668933496862,0.208665294227347
769,0.472196431953966,0.13846536828697,0.219750534284556
770,0.496356922490587,0.144464027292087,0.204112520702958
771,0.486478774701866,0.139443237070673,0.247173953504058
772,0.479773337734927,0.138124748034715,0.226009284139759
773,0.529727021028824,0.169159241894281,0.231941826471746
774,0.499765582642754,0.172165784248161,0.195172490180454
775,0.470790527289517,0.141028286802167,0.238121205857762
776,0.555201867509283,0.172596566517556,0.215547306974176
777,0.518911424123154,0.159493529139308,0.20750764972135
778,0.487334451425289,0.149964391058676,0.221343142645427
779,0.473305502226739,0.152310727401369,0.220254094683893
780,0.490714005955418,0.140369621807118,0.204472773968481
781,0.490302370573014,0.161878604957942,0.234176587489572
782,0.475474537761813,0.157782149341453,0.21888797661876
783,0.551351818467372,0.16722846067475,0.178072893211853
784,0.519602227704533,0.155261220543657,0.217323766031038
785,0.500390048835261,0.163268602716142,0.220035578055883
786,0.522958535665858,0.159794200986312,0.209224007271803
787,0.470405373404164,0.151735880608985,0.195559339204566
788,0.466818365174274,0.135762964019775,0.204749226587925
789,0.464403822419097,0.135460223356219,0.218252354526589
790,0.54554818611871,0.182236658511936,0.224270378219008
791,0.556556148698859,0.178954991910821,0.191839742040666
792,0.478534665654414,0.146973604848848,0.219077484886214
793,0.503230644974373,0.147149057903727,0.222233352556417
794,0.514653604009041,0.165909625402105,0.215071485130892
795,0.544601473834623,0.174348676324932,0.206378635400704
796,0.478619203658229,0.162802337168923,0.219521045726139
797,0.503908287455594,0.155966107559626,0.19257250319135
798,0.478071053186824,0.147013809892756,0.2278191787446
799,0.522686307134146,0.15937435649548,0.221290618062569
800,0.504680250029513,0.156142715567869,0.201872187909767
801,0.49834965535065,0.151209272226693,0.22395024343385
802,0.531777416622707,0.16225857873366,0.187626396038018
803,0.5483623984742,0.163364423974763,0.192840281761755
804,0.556830529736831,0.176919213757551,0.220374991253438
805,0.514743322719859,0.174184149294485,0.209389181431585
806,0.537300419412277,0.162955641542011,0.237324307134295
807,0.521970176806439,0.164097492940864,0.195328259788607
808,0.53657812280526,0.184874604514764,0.211462665999984
809,0.497620544727475,0.155071623989634,0.214253034270043
810,0.473752460399159,0.142506428443792,0.22295725175499
811,0.478745684594638,0.155658563518183,0.213693157314948
812,0.501131182616896,0.164459831162202,0.224132745150317
813,0.546283019315444,0.159524552493974,0.210352756890871
814,0.468460829682323,0.138435838267268,0.188972269742897
815,0.462912498022234,0.132219812815625,0.187143933355297
816,0.499532329392044,0.156882800043614,0.212821740907122
817,0.499285098998733,0.149377761484712,0.227377936203832
818,0.478082317868282,0.1461857248193,0.208985486295716
819,0.508557120924424,0.160790720726832,0.190265953250862
820,0.464165506244167,0.147137582620506,0.220422503543359
821,0.52316400264781,0.167313813590873,0.201124967833398
822,0.464525535607313,0.133204451433224,0.229517949977939
823,0.542844269580955,0.153624024096257,0.19237265032651
824,0.455066942181532,0.143952387414082,0.233890415020622
825,0.471369321388504,0.140263678029417,0.215143755999992
826,0.484606891481681,0.141266319677456,0.209529838604666
827,0.468847441673914,0.149874868876118,0.203418066514169
828,0.510619193674888,0.163338696213778,0.215050454015163
829,0.503515525563274,0.152385492042045,0.190727478298095
830,0.522761076495241,0.159296587355168,0.213861029849327
831,0.523922583840991,0.168525866188767,0.212811741142187
832,0.533117129812154,0.171705611261556,0.212624344095852
833,0.492763049665172,0.151674460721248,0.205414834485569
834,0.449074063618505,0.134902583557484,0.212730346639294
835,0.521290688571275,0.163532557738743,0.212970525133666
836,0.470441948539567,0.152819277625052,0.240014982549766
837,0.522104232007295,0.169088787453335,0.182107731834492
838,0.52805539474071,0.168993588296184,0.20142267018585
839,0.47948387743068,0.145133273469588,0.191992904074203
840,0.510286242054366,0.157444625228753,0.210774853697177
841,0.484788244809267,0.152852878565166,0.205210575609347
842,0.476364271488755,0.141475940263799,0.206681091532476
843,0.467862423131221,0.131098909894777,0.205196900750719
844,0.575420793524671,0.185525270043352,0.17280760533886
845,0.499509342054442,0.154187627546821,0.22659522482525
846,0.52640985205477,0.166948923376366,0.210399348300324
847,0.492745337801425,0.164445480332327,0.215724348203899
848,0.499725206395922,0.164612690504221,0.233317949054998
849,0.453288275524114,0.140591134978479,0.232123472490884
850,0.478848807337551,0.14150911312542,0.201778262327984
851,0.511458156406861,0.167867771228502,0.226221562978899
852,0.458356005405256,0.1346299264789,0.19700335183988
853,0.487304205836124,0.153547832563062,0.190832588514817
854,0.518163958182838,0.177628519415259,0.238843768881659
855,0.49000225829553,0.167156306191987,0.22215481511576
856,0.557087488148011,0.177525351162289,0.229205081242704
857,0.479915609477199,0.147220488533897,0.211806111350146
858,0.471146649950803,0.136752855452321,0.245565191018908
859,0.535767471096392,0.166904074538417,0.20364211697532
860,0.51137220632019,0.152676673092192,0.186846743242717
861,0.532358045602378,0.172831252704029,0.211604320539118
862,0.546992989882855,0.174244490005209,0.185923803994137
863,0.498928066786365,0.14856132237879,0.193318028878219
864,0.420761996475251,0.132711657806316,0.222905811128695
865,0.52903531162074,0.165814039530585,0.195890345666598
866,0.500125648214262,0.145725475046392,0.210272434167942
867,0.512261842318653,0.158426831613089,0.238288118986119
868,0.46599165389043,0.140667069098822,0.209651922227613
869,0.493461606412866,0.162945946726839,0.22349004725812
870,0.496750024322638,0.145948958416883,0.211098703879928
871,0.455859009667447,0.146409866973843,0.217893311594904
872,0.533403607442974,0.176566906023105,0.180383752768989
873,0.516914758127155,0.153578224173122,0.232877518925834
874,0.500516629437498,0.161521461951135,0.205820914127506
875,0.519592905771471,0.17682827114817,0.222334891377942
876,0.493748907851339,0.143139103575857,0.208826766464616
877,0.483917553863466,0.143732843635971,0.197151154454804
878,0.492086845546337,0.153345570193407,0.184260094900554
879,0.546495840931099,0.169223712416751,0.177791188555206
880,0.534384699264127,0.158716124711604,0.193253883381092
881,0.523616570543378,0.157863537611316,0.221751217178658
882,0.492875294953456,0.148763889598652,0.199300404953733
883,0.486961221422889,0.147697745612836,0.208366534787978
884,0.491102120401031,0.151421933049815,0.195661439651218
885,0.519893547924561,0.167978349956204,0.206615339989895
886,0.445717504105097,0.128031185650365,0.201254150977209
887,0.498156202505208,0.16154045598301,0.215693708246287
888,0.47260334576282,0.144685051657317,0.202798774053357
889,0.508117770334783,0.146986431862049,0.220089630969668
890,0.509671073767733,0.158168879378433,0.185688557144806
891,0.54954170186437,0.172423077645294,0.214776535104682
892,0.484072384879205,0.149537609436819,0.220333951353613
893,0.532389740346086,0.168077368602904,0.221407128727303
894,0.466070316194681,0.144704782031014,0.230748111554078
895,0.486092539466704,0.149277369149414,0.18498018600916
896,0.494708762894271,0.158114655716455,0.216741084997603
897,0.512873247088973,0.16201674989502,0.193959195515008
898,0.479635087416102,0.141348445367749,0.188531425171339
899,0.490055508056808,0.155660650842185,0.22618617707616
900,0.454604501103055,0.135690546853578,0.239049867933147
901,0.537139995412269,0.18898617440125,0.223920279431608
902,0.531412006529017,0.166917958269742,0.213519808781962
903,0.463166720849373,0.148663485065779,0.211839131859022
904,0.473620336809605,0.138845911730308,0.209250029493389
905,0.512692555857314,0.161443649907146,0.190646130909086
906,0.51641870562598,0.158103396429387,0.220348384590994
907,0.476767468165296,0.135127562103607,0.194992075191079
908,0.517529858962502,0.165378333410869,0.206313536269975
909,0.483891457546574,0.152980927436263,0.211203329561248
910,0.49530420274058,0.162994867644424,0.234204787386842
911,0.455084264086161,0.140150936180776,0.220759539424883
912,0.512741601629841,0.171832355280905,0.220199439915993
913,0.502237693557076,0.16214993273788,0.238721677541928
914,0.484600327528824,0.149569086967766,0.216770657884609
915,0.535678677457648,0.169024688561438,0.211188412058066
916,0.428685577834251,0.129336174898802,0.220629698278621
917,0.521632821189655,0.165098226841533,0.213774892020476
918,0.477652385793319,0.14468229083661,0.2255112270445
919,0.48427133806786,0.157850183080432,0.225791783358629
920,0.500204867301069,0.164172815232277,0.222993603041708
921,0.490038949514079,0.15083753912995,0.216565381177256
922,0.506917574417774,0.155771395834008,0.227874569456034
923,0.518482324594827,0.18339427328666,0.2034247692049
924,0.485086665615667,0.155289722925341,0.206706922483434
925,0.485076404324045,0.139504779210635,0.214255832167619
926,0.428443739046034,0.129285919168944,0.209738738119595
927,0.455782632850421,0.14692481392424,0.207994911533522
928,0.544248393729913,0.183384597484744,0.235066385478091
929,0.476755722172333,0.170463980331875,0.223902715591944
930,0.470963305863378,0.1524156548371,0.24025786608881
931,0.507937949577117,0.16564526665835,0.231298100891179
932,0.522287572457217,0.171760233221385,0.215358654783922
933,0.4957436011934,0.152282228648907,0.246234851122684
934,0.522755485237458,0.16749302682981,0.202712076542263
935,0.510240745023769,0.165740972537308,0.234385213684018
936,0.506714888628959,0.151793455236307,0.22865596585787
937,0.513377693424428,0.173531286442394,0.217402677598809
938,0.490317630710233,0.155182884673074,0.216449731015707
939,0.464992871209252,0.142209697053366,0.220742040195843
940,0.543199902626787,0.188989381812457,0.225317431258038
941,0.492916259327058,0.147962049758249,0.218063985105275
942,0.481882667979147,0.153747342668653,0.240741117650861
943,0.51789138305277,0.165831818868655,0.196543900133206
944,0.512266320272095,0.163038418515559,0.222304748409357
945,0.494038628837445,0.155512216218248,0.191247459804419
946,0.541657388150348,0.174667895303861,0.220259656647374
947,0.521012211210464,0.163802000968301,0.244304549680331
948,0.500947490127055,0.160471340335109,0.238190157463449
949,0.465435071778819,0.14912101916892,0.196024894885005
950,0.516897812527124,0.165538073091234,0.206468225402548
951,0.507184976594777,0.160717212189391,0.200792337739748
952,0.525857091869641,0.152621224850963,0.199775667138362
953,0.465528256687029,0.150499421376293,0.21754140053805
954,0.512214449279899,0.156664460737589,0.202260583249124
955,0.533560313418779,0.160884247950517,0.215968111105354
956,0.504009139286879,0.151849106201849,0.199259109520822
957,0.486363519492509,0.151028664826111,0.188345427571237
958,0.484576438856934,0.155207594575746,0.219212036020319
959,0.471220007017131,0.146243430068904,0.190344056133697
960,0.496707478625002,0.160519604962921,0.227428126826857
961,0.503758696872338,0.165739057882793,0.238394828189963
962,0.536006106936589,0.153119613075375,0.203357348669383
963,0.487593865180473,0.158786875220924,0.205045893563736
964,0.53447973427184,0.166361904384174,0.223276583362298
965,0.477897672169905,0.150537036828563,0.213697894108678
966,0.477303888011595,0.141921885542579,0.226058268666232
967,0.494403305025019,0.138238241883473,0.227780065130765
968,0.475246048891935,0.164281680616395,0.228453503853865
969,0.485968813051756,0.139350547243209,0.192322939609731
970,0.482135755247679,0.142069655922203,0.214832089860815
971,0.468511546859171,0.158280567537041,0.213784143876676
972,0.496574210785942,0.159553198486088,0.204711497059707
973,0.502659272651563,0.147639518846103,0.229192718711923
974,0.435807579993872,0.132024573771863,0.215624357553393
975,0.528551467552188,0.171519455643414,0.20722246070659
976,0.487808401027251,0.150943481356112,0.2374470955425
977,0.447731229103022,0.131904783226827,0.259856127353568
978,0.501546793910043,0.155376749002176,0.215934284727612
979,0.466420931937923,0.138134267370263,0.202105408410412
980,0.461659422237449,0.152785134317215,0.210901550129564
981,0.547266421489335,0.181113756145887,0.182700861453168
982,0.454847403632446,0.148351016929625,0.241208194189956
983,0.475466264336892,0.141997695288135,0.212559825785794
984,0.536873496263058,0.16079467392857,0.204460278681501
985,0.551907982996046,0.173564470882662,0.195156664345459
986,0.511146223026067,0.159939366924579,0.227298331783146
987,0.477414839326677,0.142506850328395,0.19236803704773
988,0.483715401340575,0.141414566919456,0.22758824400341
989,0.491291130813192,0.151458139686986,0.226547578068619
990,0.468475043291828,0.131408012346823,0.208744738294573
991,0.513594304712041,0.167375481711285,0.215051590733909
992,0.46783817445297,0.140689092464871,0.202443634630285
993,0.462784072577789,0.132148679065414,0.190006633578288
994,0.517685186178098,0.157379046443146,0.203536875004331
995,0.506543401239157,0.167023881070481,0.233189828197726
996,0.490666287783709,0.158150820827448,0.187436404979065
997,0.506809775812696,0.149820993484866,0.191722020411603
998,0.488332075605937,0.152548164037305,0.240666158525376
999,0.483582294411589,0.175334103123374,0.222935216808783
1000,0.515018337081919,0.15921100741823,0.216031659361785
1001,0.533111676181416,0.175412240352716,0.203266066719404
1002,0.497181773443483,0.148792296360892,0.203520107383729
1003,0.46631581002902,0.146003898817313,0.236068698578237
1004,0.513273137692612,0.177961360152199,0.199161832481411
1005,0.4901659151492,0.148134324960195,0.21706836668189
1006,0.502457570346637,0.164191975430895,0.212810716674151
1007,0.571026689091927,0.196182364201258,0.227056896390341
1008,0.498960270781886,0.152436920946235,0.199669347348721
1009,0.4970902149659,0.155279990609757,0.206063503181484
1010,0.510029384406366,0.153814212119075,0.230852875845458
1011,0.475366986650294,0.151430891776671,0.204052130645208
1012,0.49069081520921,0.160951119695585,0.225582119741514
1013,0.540200215181693,0.154009558286545,0.193597291550882
1014,0.464734629859442,0.134732246968549,0.248060773746077
1015,0.528296994003645,0.169180873680794,0.238503467935362
1016,0.521649209420321,0.165210942067678,0.207811514656509
1017,0.498214271819297,0.152743012099366,0.216278319081192
1018,0.491615706425982,0.15986536282453,0.210221502991969
1019,0.478001601637723,0.148104301311173,0.260115759455274
1020,0.462223882641782,0.139782080579293,0.204734742796092
1021,0.464828089738034,0.134167694390372,0.207069643805837
1022,0.493147984475586,0.151741480687339,0.216533785066699
1023,0.51680085254415,0.163790854261451,0.20834821145388
1024,0.544739326533444,0.170439377868381,0.176454777539525
1025,0.55663635074721,0.183859370344811,0.204322550901479
1026,0.511840015431733,0.157847989293461,0.190030064500911
1027,0.566160435206172,0.176898946602128,0.225297746862187
1028,0.500293626004846,0.15839475800175,0.231038597733433
1029,0.521446414535978,0.159952474841212,0.223179870335711
1030,0.473006540698132,0.142536748328568,0.222101846802472
1031,0.538613225601075,0.180221564882172,0.19027634473908
1032,0.510257971248117,0.170227485110387,0.194417989617437
1033,0.448943964446858,0.130741370095514,0.222276373821943
1034,0.495730380187827,0.157489233080427,0.197682858503811
1035,0.515244163113404,0.173730144530547,0.197419127625682
1036,0.517361410897604,0.154298722085752,0.196237410090485
1037,0.5197370761396,0.162411114570792,0.201145035819969
1038,0.495329721686831,0.157611489621841,0.216121679295613
1039,0.536994114003278,0.16845942325555,0.207721058288045
1040,0.495063963799776,0.162072508151325,0.228897118003878
1041,0.48352706233765,0.144854361288533,0.224436694384218
1042,0.555413008919364,0.183678370678034,0.203039763120154
1043,0.453115454978536,0.135095247216406,0.222061459041819
1044,0.518469712513473,0.167871616272724,0.205825196551099
1045,0.557782927810984,0.169354677917667,0.178354691241857
1046,0.497987797413836,0.160486706361405,0.241469609345408
1047,0.512864477855396,0.179875777183873,0.205851103079299
1048,0.489190285343103,0.152757714889882,0.210877173526204
1049,0.502977084383963,0.16227149153393,0.239787081894659
1050,0.437615258001576,0.126871630899221,0.206156221868767
1051,0.510306125894233,0.166410553817747,0.233871897928039
1052,0.517337444489677,0.173539488997764,0.247685880952931
1053,0.506131151902759,0.150063437110232,0.196247995227865
1054,0.516170097544996,0.148128878892793,0.206252166335097
1055,0.513253515371506,0.171428323301549,0.205051638797867
1056,0.477642051191649,0.134623619040091,0.19720605686958
1057,0.470281044657214,0.13468074944677,0.203221822508085
1058,0.507089334907449,0.176106501558846,0.196926162236188
1059,0.567490203994287,0.187017351820565,0.222909619599966
1060,0.519946707827524,0.167830539727522,0.193293762248879
1061,0.500469330525648,0.162507603808554,0.213208302791956
1062,0.548590511883172,0.186941291115901,0.204412755103882
1063,0.487327062419108,0.161353738759558,0.200338245235068
1064,0.513170435553962,0.147065126163767,0.237143886347156
1065,0.498719490305823,0.159033232984017,0.202649903956621
1066,0.462778507468777,0.146636814102278,0.218785008512783
1067,0.452449819320895,0.145818535231604,0.206289448587628
1068,0.492534035695928,0.145846122061703,0.221594153051114
1069,0.506344960719159,0.161152933280149,0.234249497802267
1070,0.53419302803982,0.177599533659635,0.224960544240099
1071,0.518504356683503,0.171410023743001,0.215810705908155
1072,0.491239923020723,0.168620557623326,0.17470762833882
1073,0.504143819974305,0.155797682994829,0.1977464451028
1074,0.547624288303713,0.179288620736694,0.211483224717688
1075,0.47930904873642,0.14928931660946,0.233094807551899
1076,0.493633997285715,0.148699767672433,0.196493052838707
1077,0.46592572058668,0.132433485409921,0.233935483435298
1078,0.511227331441236,0.15734980310467,0.210234389920625
1079,0.500440415495162,0.15217527452068,0.221102968104696
1080,0.455815777556542,0.135418307252628,0.201119344583294
1081,0.510803132380035,0.162789770724808,0.189951315170592
1082,0.506600941264016,0.155841150289503,0.202974477843056
1083,0.489294821487747,0.148790736358448,0.219719208531284
1084,0.503142023802363,0.160841884390825,0.168656368919767
1085,0.507151295755002,0.164889815734847,0.228716782599406
1086,0.51844930662269,0.163309034002693,0.221043129813798
1087,0.555439860789706,0.185934993459927,0.189098786615794
1088,0.497240904809874,0.142422864145014,0.240064404622178
1089,0.444583627570547,0.131282960415035,0.21683090220252
1090,0.50961229263574,0.149137347611625,0.20019719689805
1091,0.500764159810924,0.161521678444615,0.212260873668559
1092,0.501041255202354,0.163885287036429,0.213389020135184
1093,0.519394476815239,0.158525405862388,0.213886575769539
1094,0.513322070113193,0.165346063900719,0.203851035393642
1095,0.533918514767944,0.162163212381762,0.228691591285564
1096,0.448637014898998,0.137771001635065,0.197089443662719
1097,0.487228359700613,0.157106964220185,0.212628748648182
1098,0.486481773610443,0.157042053015624,0.203721443319831
1099,0.556991536211755,0.167770335046418,0.206013202302592
1100,0.531213205734178,0.173485705637531,0.222774388214537
1101,0.496578273592532,0.148887202973418,0.200647915564715
1102,0.447057684595656,0.12149113129873,0.248589203433459
1103,0.487934981449275,0.149332331243155,0.221290603037253
1104,0.489756023985165,0.145728241270564,0.231992068684351
1105,0.545127750469257,0.163296451354524,0.217934352254843
1106,0.472308360032195,0.145071440425976,0.187270394522481
1107,0.486633958268571,0.148312557691531,0.245967012828018
1108,0.507923514054651,0.14436996359973,0.214267410533318
1109,0.489701007369235,0.149587252179627,0.202260271293081
1110,0.532836628724137,0.159434191420262,0.183264784843887
1111,0.492878470771106,0.154229111924319,0.217220803653063
1112,0.482216859421194,0.146066873202883,0.214214356821433
1113,0.49754505328619,0.141037933212284,0.234450201044356
1114,0.523942549867978,0.162169818615726,0.217680708509094
1115,0.502693679443842,0.156572936278231,0.204635114004557
1116,0.556795696463027,0.185404913965005,0.208006827979804
1117,0.492646042848608,0.158375840015732,0.218402366746813
1118,0.51271125844061,0.159948903860575,0.215810843392599
1119,0.501173364039063,0.155694888026376,0.217316267077501
1120,0.475642073351415,0.157235248316711,0.213486379088565
1121,0.513806890468405,0.166807727015141,0.211680433891875
1122,0.454622156667445,0.144808610225126,0.209165325670162
